ExtractID,ExtractDate,ExtractedBy,ExtractType,ExtractKit,SampleID,ExtractConcentration,ExtractBox,ExtractNotes
HDZ-004-E1,11/3/2023,SA,DNA,Quick-DNA Fecal/Soil Microbe,HDZ-004,55,HDZ Loris DNA Extracts Box 1,
HDZ-005-E1,11/3/2023,SA,DNA,Quick-DNA Fecal/Soil Microbe,HDZ-005,24,HDZ Loris DNA Extracts Box 1,
HDZ-011-E1,11/10/2023,SA,DNA,Quick-DNA Fecal/Soil Microbe,HDZ-011,45,HDZ Loris DNA Extracts Box 1,
HDZ-013-E1,11/10/2023,SA,DNA,Quick-DNA Fecal/Soil Microbe,HDZ-013,42,HDZ Loris DNA Extracts Box 1,
HDZ-014-E1,11/10/2023,SA,DNA,Quick-DNA Fecal/Soil Microbe,HDZ-014,22,HDZ Loris DNA Extracts Box 1,
HDZ-015-E1,11/15/2023,SA,DNA,Quick-DNA Fecal/Soil Microbe,HDZ-015,7.1,HDZ Loris DNA Extracts Box 1,
HDZ-018-E1,11/15/2023,SA,DNA,Quick-DNA Fecal/Soil Microbe,HDZ-018,9.3,HDZ Loris DNA Extracts Box 1,
HDZ-019-E1,11/15/2023,SA,DNA,Quick-DNA Fecal/Soil Microbe,HDZ-019,22,HDZ Loris DNA Extracts Box 1,
HDZ-038-E1,1/6/2024,SA/WJ,DNA,Quick-DNA Fecal/Soil Microbe,HDZ-038,90,HDZ Loris DNA Extracts Box 2,
HDZ-046-E1,1/6/2024,SA/WJ,DNA,Quick-DNA Fecal/Soil Microbe,HDZ-046,6.3,HDZ Loris DNA Extracts Box 1,
HDZ-051-E1,1/6/2024,SA/WJ,DNA,Quick-DNA Fecal/Soil Microbe,HDZ-051,17,HDZ Loris DNA Extracts Box 1,
HDZ-010-E1,1/10/2024,SA,DNA,Quick-DNA Fecal/Soil Microbe,HDZ-010,11,HDZ Loris DNA Extracts Box 1,
HDZ-020-E1,1/10/2024,SA,DNA,Quick-DNA Fecal/Soil Microbe,HDZ-020,15,HDZ Loris DNA Extracts Box 1,
HDZ-021-E1,1/10/2024,SA,DNA,Quick-DNA Fecal/Soil Microbe,HDZ-021,19,HDZ Loris DNA Extracts Box 1,
HDZ-022-E1,1/10/2024,SA,DNA,Quick-DNA Fecal/Soil Microbe,HDZ-022,11,HDZ Loris DNA Extracts Box 1,
HDZ-025-E1,1/10/2024,SA,DNA,Quick-DNA Fecal/Soil Microbe,HDZ-025,24,HDZ Loris DNA Extracts Box 1,
HDZ-027-E1,1/10/2024,SA,DNA,Quick-DNA Fecal/Soil Microbe,HDZ-027,11,HDZ Loris DNA Extracts Box 1,
HDZ-028-E1,1/10/2024,SA,DNA,Quick-DNA Fecal/Soil Microbe,HDZ-028,20,HDZ Loris DNA Extracts Box 1,
HDZ-029-E1,1/10/2024,SA,DNA,Quick-DNA Fecal/Soil Microbe,HDZ-029,12,HDZ Loris DNA Extracts Box 1,
HDZ-016-E1,1/17/2024,SA/MB,DNA,Quick-DNA Fecal/Soil Microbe,HDZ-016,22,HDZ Loris DNA Extracts Box 1,
HDZ-023-E1,1/17/2024,SA/MB,DNA,Quick-DNA Fecal/Soil Microbe,HDZ-023,29,HDZ Loris DNA Extracts Box 1,
HDZ-024-E1,1/17/2024,SA/MB,DNA,Quick-DNA Fecal/Soil Microbe,HDZ-024,23,HDZ Loris DNA Extracts Box 1,
HDZ-026-E1,1/17/2024,SA/MB,DNA,Quick-DNA Fecal/Soil Microbe,HDZ-026,28,HDZ Loris DNA Extracts Box 1,
HDZ-030-E1,1/17/2024,SA/MB,DNA,Quick-DNA Fecal/Soil Microbe,HDZ-030,21,HDZ Loris DNA Extracts Box 1,
HDZ-039-E1,1/24/2024,MB,DNA,Quick-DNA Fecal/Soil Microbe,HDZ-039,11,HDZ Loris DNA Extracts Box 1,
HDZ-043-E1,1/24/2024,MB,DNA,Quick-DNA Fecal/Soil Microbe,HDZ-043,0.033,HDZ Loris DNA Extracts Box 1,
HDZ-057-E1,1/24/2024,MB,DNA,Quick-DNA Fecal/Soil Microbe,HDZ-057,77,HDZ Loris DNA Extracts Box 1,
HDZ-069-E1,1/24/2024,MB,DNA,Quick-DNA Fecal/Soil Microbe,HDZ-069,69,HDZ Loris DNA Extracts Box 1,
HDZ-071-E1,1/24/2024,MB,DNA,Quick-DNA Fecal/Soil Microbe,HDZ-071,35,HDZ Loris DNA Extracts Box 1,
HDZ-002-E1,2/12/2024,SA,DNA,Quick-DNA Fecal/Soil Microbe,HDZ-002,40,HDZ Loris DNA Extracts Box 1,
HDZ-012-E1,2/12/2024,SA,DNA,Quick-DNA Fecal/Soil Microbe,HDZ-012,LOW,HDZ Loris DNA Extracts Box 1,DNA conc lower than std
HDZ-031-E1,2/12/2024,SA,DNA,Quick-DNA Fecal/Soil Microbe,HDZ-031,56,HDZ Loris DNA Extracts Box 1,
HDZ-032-E1,2/12/2024,SA,DNA,Quick-DNA Fecal/Soil Microbe,HDZ-032,93,HDZ Loris DNA Extracts Box 2,
HDZ-033-E1,2/12/2024,SA/WJ,DNA,Quick-DNA Fecal/Soil Microbe,HDZ-033,86,HDZ Loris DNA Extracts Box 2,
HDZ-034-E1,2/12/2024,SA,DNA,Quick-DNA Fecal/Soil Microbe,HDZ-034,89,HDZ Loris DNA Extracts Box 2,
HDZ-035-E1,2/12/2024,SA,DNA,Quick-DNA Fecal/Soil Microbe,HDZ-035,94,HDZ Loris DNA Extracts Box 1,
HDZ-037-E1,2/12/2024,SA,DNA,Quick-DNA Fecal/Soil Microbe,HDZ-037,94,HDZ Loris DNA Extracts Box 1,
HDZ-040-E1,2/12/2024,SA,DNA,Quick-DNA Fecal/Soil Microbe,HDZ-040,83,HDZ Loris DNA Extracts Box 1,
HDZ-041-E1,2/12/2024,SA,DNA,Quick-DNA Fecal/Soil Microbe,HDZ-041,15,HDZ Loris DNA Extracts Box 1,
HDZ-042-E1,2/12/2024,SA,DNA,Quick-DNA Fecal/Soil Microbe,HDZ-042,67,HDZ Loris DNA Extracts Box 1,
HDZ-044-E1,2/12/2024,SA/WJ,DNA,Quick-DNA Fecal/Soil Microbe,HDZ-044,97,HDZ Loris DNA Extracts Box 1,
HDZ-047-E1,2/12/2024,SA,DNA,Quick-DNA Fecal/Soil Microbe,HDZ-047,94,HDZ Loris DNA Extracts Box 1,
HDZ-049-E1,2/12/2024,SA,DNA,Quick-DNA Fecal/Soil Microbe,HDZ-049,52,HDZ Loris DNA Extracts Box 1,
HDZ-050-E1,2/12/2024,SA,DNA,Quick-DNA Fecal/Soil Microbe,HDZ-050,56,HDZ Loris DNA Extracts Box 1,
HDZ-053-E1,2/12/2024,SA/WJ,DNA,Quick-DNA Fecal/Soil Microbe,HDZ-053,104,HDZ Loris DNA Extracts Box 1,
HDZ-054-E1,2/12/2024,SA,DNA,Quick-DNA Fecal/Soil Microbe,HDZ-054,66,HDZ Loris DNA Extracts Box 1,
HDZ-058-E1,2/12/2024,SA,DNA,Quick-DNA Fecal/Soil Microbe,HDZ-058,25,HDZ Loris DNA Extracts Box 1,
HDZ-055-E1,2/25/2024,WJ,DNA,Quick-DNA Fecal/Soil Microbe,HDZ-055,49,HDZ Loris DNA Extracts Box 1,
HDZ-063-E1,2/25/2024,WJ,DNA,Quick-DNA Fecal/Soil Microbe,HDZ-063,66,HDZ Loris DNA Extracts Box 1,
HDZ-064-E1,2/25/2024,WJ,DNA,Quick-DNA Fecal/Soil Microbe,HDZ-064,90,HDZ Loris DNA Extracts Box 1,
HDZ-065-E1,2/25/2024,WJ,DNA,Quick-DNA Fecal/Soil Microbe,HDZ-065,27,HDZ Loris DNA Extracts Box 1,
HDZ-066-E1,2/25/2024,WJ,DNA,Quick-DNA Fecal/Soil Microbe,HDZ-066,63,HDZ Loris DNA Extracts Box 1,
HDZ-067-E1,2/25/2024,WJ,DNA,Quick-DNA Fecal/Soil Microbe,HDZ-067,62,HDZ Loris DNA Extracts Box 1,
HDZ-073-E1,2/25/2024,WJ,DNA,Quick-DNA Fecal/Soil Microbe,HDZ-073,59,HDZ Loris DNA Extracts Box 1,
HDZ-048-E1,2/29/2024,MB,DNA,Quick-DNA Fecal/Soil Microbe,HDZ-048,0.0498,HDZ Loris DNA Extracts Box 1,
HDZ-056-E1,2/29/2024,"WJ, MB",DNA,Quick-DNA Fecal/Soil Microbe,HDZ-056,0.279,HDZ Loris DNA Extracts Box 1,"Not sure if these samples were extracted twice, but Missy extracted them on 2/29/24"
HDZ-059-E1,2/29/2024,MB,DNA,Quick-DNA Fecal/Soil Microbe,HDZ-059,0.278,HDZ Loris DNA Extracts Box 1,
HDZ-061-E1,2/29/2024,MB,DNA,Quick-DNA Fecal/Soil Microbe,HDZ-061,0.206,HDZ Loris DNA Extracts Box 1,
HDZ-062-E1,2/29/2024,MB,DNA,Quick-DNA Fecal/Soil Microbe,HDZ-062,0.209,HDZ Loris DNA Extracts Box 1,
HDZ-068-E1,2/29/2024,"WJ, MB",DNA,Quick-DNA Fecal/Soil Microbe,HDZ-068,4.78,HDZ Loris DNA Extracts Box 1,"Not sure if these samples were extracted twice, but Missy extracted them on 2/29/24"
HDZ-070-E1,2/29/2024,MB,DNA,Quick-DNA Fecal/Soil Microbe,HDZ-070,7.5,HDZ Loris DNA Extracts Box 1,
HDZ-072-E1,2/29/2024,MB,DNA,Quick-DNA Fecal/Soil Microbe,HDZ-072,11,HDZ Loris DNA Extracts Box 1,
HDZ-075-E1,2/29/2024,"WJ, MB",DNA,Quick-DNA Fecal/Soil Microbe,HDZ-075,0.121,HDZ Loris DNA Extracts Box 1,"Not sure if these samples were extracted twice, but Missy extracted them on 2/29/24"
HDZ-076-E1,2/29/2024,MB,DNA,Quick-DNA Fecal/Soil Microbe,HDZ-076,1.41,HDZ Loris DNA Extracts Box 1,
HDZ-077-E1,2/29/2024,MB,DNA,Quick-DNA Fecal/Soil Microbe,HDZ-077,28,HDZ Loris DNA Extracts Box 2,
HDZ-078-E1,2/29/2024,MB,DNA,Quick-DNA Fecal/Soil Microbe,HDZ-078,5.6,HDZ Loris DNA Extracts Box 1,
HDZ-079-E1,2/29/2024,MB,DNA,Quick-DNA Fecal/Soil Microbe,HDZ-079,1.47,HDZ Loris DNA Extracts Box 1,
HDZ-074-E1,3/6/2024,MB,DNA,Quick-DNA Fecal/Soil Microbe,HDZ-074,LOW,HDZ Loris DNA Extracts Box 2,DNA conc lower than std
HDZ-080-E1,3/6/2024,MB,DNA,Quick-DNA Fecal/Soil Microbe,HDZ-080,LOW,HDZ Loris DNA Extracts Box 2,DNA conc lower than std
HDZ-081-E1,3/6/2024,MB,DNA,Quick-DNA Fecal/Soil Microbe,HDZ-081,65,HDZ Loris DNA Extracts Box 2,
HDZ-082-E1,3/6/2024,MB,DNA,Quick-DNA Fecal/Soil Microbe,HDZ-082,79,HDZ Loris DNA Extracts Box 2,
HDZ-083-E1,3/6/2024,MB,DNA,Quick-DNA Fecal/Soil Microbe,HDZ-083,56,HDZ Loris DNA Extracts Box 2,
HDZ-084-E1,3/6/2024,MB,DNA,Quick-DNA Fecal/Soil Microbe,HDZ-084,11,HDZ Loris DNA Extracts Box 2,
HDZ-085-E1,3/6/2024,MB,DNA,Quick-DNA Fecal/Soil Microbe,HDZ-085,94,HDZ Loris DNA Extracts Box 2,
HDZ-086-E1,3/6/2024,MB,DNA,Quick-DNA Fecal/Soil Microbe,HDZ-086,83,HDZ Loris DNA Extracts Box 2,
HDZ-087-E1,4/3/2024,WJ,DNA,Quick-DNA Fecal/Soil Microbe,HDZ-087,34,HDZ Loris DNA Extracts Box 2,
HDZ-088-E1,4/3/2024,WJ,DNA,Quick-DNA Fecal/Soil Microbe,HDZ-088,46,HDZ Loris DNA Extracts Box 2,
HDZ-089-E1,4/3/2024,WJ,DNA,Quick-DNA Fecal/Soil Microbe,HDZ-089,25,HDZ Loris DNA Extracts Box 1,
HDZ-090-E1,4/3/2024,WJ,DNA,Quick-DNA Fecal/Soil Microbe,HDZ-090,56,HDZ Loris DNA Extracts Box 2,
HDZ-091-E1,4/3/2024,WJ,DNA,Quick-DNA Fecal/Soil Microbe,HDZ-091,52,HDZ Loris DNA Extracts Box 2,
HDZ-092-E1,4/3/2024,WJ,DNA,Quick-DNA Fecal/Soil Microbe,HDZ-092,44,HDZ Loris DNA Extracts Box 2,
HDZ-093-E1,4/3/2024,WJ,DNA,Quick-DNA Fecal/Soil Microbe,HDZ-093,25,HDZ Loris DNA Extracts Box 1,
HDZ-094-E1,4/4/2024,MB,DNA,Quick-DNA Fecal/Soil Microbe,HDZ-094,25,HDZ Loris DNA Extracts Box 2,
HDZ-096-E1,4/4/2024,MB,DNA,Quick-DNA Fecal/Soil Microbe,HDZ-096,41,HDZ Loris DNA Extracts Box 2,
HDZ-097-E1,4/4/2024,MB,DNA,Quick-DNA Fecal/Soil Microbe,HDZ-097,83,HDZ Loris DNA Extracts Box 2,
HDZ-098-E1,4/4/2024,MB,DNA,Quick-DNA Fecal/Soil Microbe,HDZ-098,47,HDZ Loris DNA Extracts Box 2,
HDZ-099-E1,4/4/2024,MB,DNA,Quick-DNA Fecal/Soil Microbe,HDZ-099,32,HDZ Loris DNA Extracts Box 2,
HDZ-101-E1,4/4/2024,MB,DNA,Quick-DNA Fecal/Soil Microbe,HDZ-101,20,HDZ Loris DNA Extracts Box 2,
HDZ-102-E1,4/4/2024,MB,DNA,Quick-DNA Fecal/Soil Microbe,HDZ-102,32,HDZ Loris DNA Extracts Box 2,
HDZ-103-E1,4/4/2024,MB,DNA,Quick-DNA Fecal/Soil Microbe,HDZ-103,46,HDZ Loris DNA Extracts Box 2,
HDZ-036-E1,4/8/2024,WJ/MB,DNA,Quick-DNA Fecal/Soil Microbe,HDZ-036,29,HDZ Loris DNA Extracts Box 2,
HDZ-045-E1,4/8/2024,WJ/MB,DNA,Quick-DNA Fecal/Soil Microbe,HDZ-045,7.2,HDZ Loris DNA Extracts Box 2,
HDZ-052-E1,4/8/2024,WJ,DNA,Quick-DNA Fecal/Soil Microbe,HDZ-052,7.5,HDZ Loris DNA Extracts Box 2,
HDZ-060-E1,4/8/2024,WJ/MB,DNA,Quick-DNA Fecal/Soil Microbe,HDZ-060,35,HDZ Loris DNA Extracts Box 2,
HDZ-104-E1,4/8/2024,WJ,DNA,Quick-DNA Fecal/Soil Microbe,HDZ-104,26,HDZ Loris DNA Extracts Box 2,
HDZ-105-E1,4/8/2024,WJ,DNA,Quick-DNA Fecal/Soil Microbe,HDZ-105,39,HDZ Loris DNA Extracts Box 2,
HDZ-106-E1,4/8/2024,WJ,DNA,Quick-DNA Fecal/Soil Microbe,HDZ-106,40,HDZ Loris DNA Extracts Box 2,
HDZ-107-E1,4/8/2024,WJ,DNA,Quick-DNA Fecal/Soil Microbe,HDZ-107,17,HDZ Loris DNA Extracts Box 2,
HDZ-108-E1,4/8/2024,WJ,DNA,Quick-DNA Fecal/Soil Microbe,HDZ-108,21,HDZ Loris DNA Extracts Box 2,
HDZ-109-E1,4/8/2024,WJ,DNA,Quick-DNA Fecal/Soil Microbe,HDZ-109,43,HDZ Loris DNA Extracts Box 2,
HDZ-155-E1,4/9/2024,MB,DNA,Quick-DNA Fecal/Soil Microbe,HDZ-155,25,HDZ Loris DNA Extracts Box 2,
HDZ-156-E1,4/9/2024,MB,DNA,Quick-DNA Fecal/Soil Microbe,HDZ-156,25,HDZ Loris DNA Extracts Box 2,
HDZ-157-E1,4/9/2024,MB,DNA,Quick-DNA Fecal/Soil Microbe,HDZ-157,57,HDZ Loris DNA Extracts Box 2,
HDZ-161-E1,4/9/2024,MB,DNA,Quick-DNA Fecal/Soil Microbe,HDZ-161,34,HDZ Loris DNA Extracts Box 2,
HDZ-162-E1,4/9/2024,MB,DNA,Quick-DNA Fecal/Soil Microbe,HDZ-162,41,HDZ Loris DNA Extracts Box 2,
HDZ-163-E1,4/9/2024,MB,DNA,Quick-DNA Fecal/Soil Microbe,HDZ-163,40,HDZ Loris DNA Extracts Box 2,
HDZ-167-E1,4/9/2024,MB,DNA,Quick-DNA Fecal/Soil Microbe,HDZ-167,75,HDZ Loris DNA Extracts Box 2,
HDZ-168-E1,4/9/2024,MB,DNA,Quick-DNA Fecal/Soil Microbe,HDZ-168,20,HDZ Loris DNA Extracts Box 2,
HDZ-169-E1,4/9/2024,MB,DNA,Quick-DNA Fecal/Soil Microbe,HDZ-169,45,HDZ Loris DNA Extracts Box 2,
HDZ-170-E1,4/9/2024,MB,DNA,Quick-DNA Fecal/Soil Microbe,HDZ-170,46,HDZ Loris DNA Extracts Box 2,
HDZ-173-E1,4/9/2024,MB,DNA,Quick-DNA Fecal/Soil Microbe,HDZ-173,53,HDZ Loris DNA Extracts Box 2,
HDZ-174-E1,4/9/2024,MB,DNA,Quick-DNA Fecal/Soil Microbe,HDZ-174,52,HDZ Loris DNA Extracts Box 2,
HDZ-175-E1,4/15/2024,MB,DNA,Quick-DNA Fecal/Soil Microbe,HDZ-175,22,HDZ Loris DNA Extracts Box 2,
HDZ-176-E1,4/15/2024,MB,DNA,Quick-DNA Fecal/Soil Microbe,HDZ-176,7.7,HDZ Loris DNA Extracts Box 2,
HDZ-177-E1,4/15/2024,MB,DNA,Quick-DNA Fecal/Soil Microbe,HDZ-177,4.89,HDZ Loris DNA Extracts Box 2,
HDZ-179-E1,4/15/2024,MB,DNA,Quick-DNA Fecal/Soil Microbe,HDZ-179,32,HDZ Loris DNA Extracts Box 2,
HDZ-180-E1,4/15/2024,MB,DNA,Quick-DNA Fecal/Soil Microbe,HDZ-180,26,HDZ Loris DNA Extracts Box 2,
HDZ-181-E1,4/15/2024,MB,DNA,Quick-DNA Fecal/Soil Microbe,HDZ-181,33,HDZ Loris DNA Extracts Box 2,
HDZ-182-E1,4/15/2024,MB,DNA,Quick-DNA Fecal/Soil Microbe,HDZ-182,13,HDZ Loris DNA Extracts Box 2,
HDZ-183-E1,4/15/2024,MB,DNA,Quick-DNA Fecal/Soil Microbe,HDZ-183,41,HDZ Loris DNA Extracts Box 2,
HDZ-184-E1,4/15/2024,MB,DNA,Quick-DNA Fecal/Soil Microbe,HDZ-184,53,HDZ Loris DNA Extracts Box 2,
HDZ-186-E1,4/15/2024,MB,DNA,Quick-DNA Fecal/Soil Microbe,HDZ-186,33,HDZ Loris DNA Extracts Box 2,
HDZ-187-E1,4/15/2024,MB,DNA,Quick-DNA Fecal/Soil Microbe,HDZ-187,32,HDZ Loris DNA Extracts Box 2,
HDZ-188-E1,4/15/2024,MB,DNA,Quick-DNA Fecal/Soil Microbe,HDZ-188,24,HDZ Loris DNA Extracts Box 2,
HDZ-190-E1,4/15/2024,MB,DNA,Quick-DNA Fecal/Soil Microbe,HDZ-190,20,HDZ Loris DNA Extracts Box 2,
HDZ-191-E1,4/15/2024,MB,DNA,Quick-DNA Fecal/Soil Microbe,HDZ-191,18,HDZ Loris DNA Extracts Box 2,
HDZ-192-E1,4/15/2024,MB,DNA,Quick-DNA Fecal/Soil Microbe,HDZ-192,33,HDZ Loris DNA Extracts Box 2,
HDZ-217-E1,5/2/2024,WJ,DNA,Quick-DNA Fecal/Soil Microbe,HDZ-217,72,HDZ Loris DNA Extracts Box 2,
HDZ-218-E1,5/2/2024,WJ,DNA,Quick-DNA Fecal/Soil Microbe,HDZ-218,58,HDZ Loris DNA Extracts Box 2,
HDZ-219-E1,5/2/2024,WJ,DNA,Quick-DNA Fecal/Soil Microbe,HDZ-219,37,HDZ Loris DNA Extracts Box 2,
HDZ-220-E1,5/2/2024,WJ,DNA,Quick-DNA Fecal/Soil Microbe,HDZ-220,42,HDZ Loris DNA Extracts Box 2,
HDZ-221-E1,5/2/2024,WJ,DNA,Quick-DNA Fecal/Soil Microbe,HDZ-221,76,HDZ Loris DNA Extracts Box 2,
HDZ-193-E1,5/20/2024,SA,DNA,Quick-DNA Fecal/Soil Microbe,HDZ-193,26,HDZ Loris DNA Extracts Box 3,
HDZ-194-E1,5/20/2024,SA,DNA,Quick-DNA Fecal/Soil Microbe,HDZ-194,53,HDZ Loris DNA Extracts Box 3,
HDZ-195-E1,5/20/2024,SA,DNA,Quick-DNA Fecal/Soil Microbe,HDZ-195,61,HDZ Loris DNA Extracts Box 3,
HDZ-196-E1,5/20/2024,SA,DNA,Quick-DNA Fecal/Soil Microbe,HDZ-196,33,HDZ Loris DNA Extracts Box 3,
HDZ-197-E1,5/20/2024,SA,DNA,Quick-DNA Fecal/Soil Microbe,HDZ-197,58,HDZ Loris DNA Extracts Box 3,
HDZ-198-E1,5/20/2024,SA,DNA,Quick-DNA Fecal/Soil Microbe,HDZ-198,70,HDZ Loris DNA Extracts Box 3,
HDZ-199-E1,5/20/2024,SA,DNA,Quick-DNA Fecal/Soil Microbe,HDZ-199,52,HDZ Loris DNA Extracts Box 3,
HDZ-200-E1,5/30/2024,SA/ZE,DNA,Quick-DNA Fecal/Soil Microbe,HDZ-200,36,HDZ Loris DNA Extracts Box 3,
HDZ-201-E1,5/30/2024,SA/ZE,DNA,Quick-DNA Fecal/Soil Microbe,HDZ-201,>100,HDZ Loris DNA Extracts Box 3,
HDZ-202-E1,5/30/2024,SA/ZE,DNA,Quick-DNA Fecal/Soil Microbe,HDZ-202,>100,HDZ Loris DNA Extracts Box 3,
HDZ-209-E1,6/6/2024,AS,DNA,Quick-DNA Fecal/Soil Microbe,HDZ-209,40,HDZ Loris DNA Extracts Box 3,
HDZ-210-E1,6/6/2024,AS,DNA,Quick-DNA Fecal/Soil Microbe,HDZ-210,38,HDZ Loris DNA Extracts Box 3,
HDZ-211-E1,6/6/2024,AS,DNA,Quick-DNA Fecal/Soil Microbe,HDZ-211,24,HDZ Loris DNA Extracts Box 3,
HDZ-212-E1,6/6/2024,AS,DNA,Quick-DNA Fecal/Soil Microbe,HDZ-212,42,HDZ Loris DNA Extracts Box 3,
HDZ-222-E1,6/6/2024,SA/ZE,DNA,Quick-DNA Fecal/Soil Microbe,HDZ-222,8.5,HDZ Loris DNA Extracts Box 3,
HDZ-203-E1,6/13/2024,AS,DNA,Quick-DNA Fecal/Soil Microbe,HDZ-203,70,HDZ Loris DNA Extracts Box 3,
HDZ-204-E1,6/13/2024,AS,DNA,Quick-DNA Fecal/Soil Microbe,HDZ-204,43,HDZ Loris DNA Extracts Box 3,
HDZ-205-E1,6/13/2024,AS,DNA,Quick-DNA Fecal/Soil Microbe,HDZ-205,21,HDZ Loris DNA Extracts Box 3,
HDZ-206-E1,6/13/2024,AS,DNA,Quick-DNA Fecal/Soil Microbe,HDZ-206,48,HDZ Loris DNA Extracts Box 3,
HDZ-207-E1,6/13/2024,AS,DNA,Quick-DNA Fecal/Soil Microbe,HDZ-207,12,HDZ Loris DNA Extracts Box 3,
HDZ-208-E1,6/13/2024,AS,DNA,Quick-DNA Fecal/Soil Microbe,HDZ-208,11,HDZ Loris DNA Extracts Box 3,
HDZ-213-E1,6/14/2024,AS,DNA,Quick-DNA Fecal/Soil Microbe,HDZ-213,31,HDZ Loris DNA Extracts Box 3,
HDZ-215-E1,6/14/2024,AS,DNA,Quick-DNA Fecal/Soil Microbe,HDZ-215,11,HDZ Loris DNA Extracts Box 3,
HDZ-301-E1,6/14/2024,SA/EK,DNA,Quick-DNA Fecal/Soil Microbe,HDZ-301,9.2,HDZ Loris DNA Extracts Box 3,
HDZ-302-E1,6/14/2024,SA/EK,DNA,Quick-DNA Fecal/Soil Microbe,HDZ-302,18,HDZ Loris DNA Extracts Box 3,
HDZ-303-E1,6/14/2024,SA/EK,DNA,Quick-DNA Fecal/Soil Microbe,HDZ-303,16,HDZ Loris DNA Extracts Box 3,
HDZ-304-E1,6/14/2024,AS,DNA,Quick-DNA Fecal/Soil Microbe,HDZ-304,1.29,HDZ Loris DNA Extracts Box 3,
HDZ-305-E1,6/14/2024,AS,DNA,Quick-DNA Fecal/Soil Microbe,HDZ-305,40,HDZ Loris DNA Extracts Box 3,
HDZ-306-E1,6/14/2024,AS,DNA,Quick-DNA Fecal/Soil Microbe,HDZ-306,4.28,HDZ Loris DNA Extracts Box 3,
HDZ-307-E1,6/18/2024,SA,DNA,Quick-DNA Fecal/Soil Microbe,HDZ-307,19,HDZ Loris DNA Extracts Box 3,
HDZ-308-E1,6/18/2024,SA,DNA,Quick-DNA Fecal/Soil Microbe,HDZ-308,37,HDZ Loris DNA Extracts Box 3,
HDZ-309-E1,6/18/2024,SA,DNA,Quick-DNA Fecal/Soil Microbe,HDZ-309,49,HDZ Loris DNA Extracts Box 3,
HDZ-310-E1,6/18/2024,ZE,DNA,Quick-DNA Fecal/Soil Microbe,HDZ-310,45,HDZ Loris DNA Extracts Box 3,
HDZ-311-E1,6/18/2024,ZE,DNA,Quick-DNA Fecal/Soil Microbe,HDZ-311,46,HDZ Loris DNA Extracts Box 3,
HDZ-312-E1,6/18/2024,ZE,DNA,Quick-DNA Fecal/Soil Microbe,HDZ-312,33,HDZ Loris DNA Extracts Box 3,
HDZ-223-E1,6/20/2024,ZE,DNA,Quick-DNA Fecal/Soil Microbe,HDZ-223,77,HDZ Loris DNA Extracts Box 3,
HDZ-224-E1,6/20/2024,ZE,DNA,Quick-DNA Fecal/Soil Microbe,HDZ-224,66,HDZ Loris DNA Extracts Box 3,
HDZ-226-E1,6/20/2024,ZE,DNA,Quick-DNA Fecal/Soil Microbe,HDZ-226,42,HDZ Loris DNA Extracts Box 3,
HDZ-313-E1,6/20/2024,AS,DNA,Quick-DNA Fecal/Soil Microbe,HDZ-313,45,HDZ Loris DNA Extracts Box 3,
HDZ-314-E1,6/20/2024,AS,DNA,Quick-DNA Fecal/Soil Microbe,HDZ-314,11,HDZ Loris DNA Extracts Box 3,
HDZ-315-E1,6/20/2024,AS,DNA,Quick-DNA Fecal/Soil Microbe,HDZ-315,39,HDZ Loris DNA Extracts Box 3,
HDZ-227-E1,6/27/2024,ZE,DNA,Quick-DNA Fecal/Soil Microbe,HDZ-227,44,HDZ Loris DNA Extracts Box 3,
HDZ-228-E1,6/27/2024,ZE,DNA,Quick-DNA Fecal/Soil Microbe,HDZ-228,67,HDZ Loris DNA Extracts Box 3,
HDZ-229-E1,6/27/2024,ZE,DNA,Quick-DNA Fecal/Soil Microbe,HDZ-229,96,HDZ Loris DNA Extracts Box 3,
HDZ-320-E1,6/27/2024,AS,DNA,Quick-DNA Fecal/Soil Microbe,HDZ-320,88,HDZ Loris DNA Extracts Box 3,
HDZ-321-E1,6/27/2024,AS,DNA,Quick-DNA Fecal/Soil Microbe,HDZ-321,29,HDZ Loris DNA Extracts Box 3,
HDZ-322-E1,6/27/2024,AS,DNA,Quick-DNA Fecal/Soil Microbe,HDZ-322,1.22,HDZ Loris DNA Extracts Box 3,
HDZ-323-E1,6/28/2024,AS,DNA,Quick-DNA Fecal/Soil Microbe,HDZ-323,34,HDZ Loris DNA Extracts Box 3,
HDZ-324-E1,6/28/2024,AS,DNA,Quick-DNA Fecal/Soil Microbe,HDZ-324,23,HDZ Loris DNA Extracts Box 3,
HDZ-325-E1,6/28/2024,AS,DNA,Quick-DNA Fecal/Soil Microbe,HDZ-325,37,HDZ Loris DNA Extracts Box 3,
HDZ-326-E1,6/28/2024,AS,DNA,Quick-DNA Fecal/Soil Microbe,HDZ-326,37,HDZ Loris DNA Extracts Box 3,
HDZ-327-E1,6/28/2024,AS,DNA,Quick-DNA Fecal/Soil Microbe,HDZ-327,13,HDZ Loris DNA Extracts Box 3,
HDZ-328-E1,6/28/2024,AS,DNA,Quick-DNA Fecal/Soil Microbe,HDZ-328,34,HDZ Loris DNA Extracts Box 3,
HDZ-240-E1,7/10/2024,SA,DNA,Quick-DNA Fecal/Soil Microbe,HDZ-240,36,HDZ Loris DNA Extracts Box 4,
HDZ-241-E1,7/10/2024,SA,DNA,Quick-DNA Fecal/Soil Microbe,HDZ-241,53,HDZ Loris DNA Extracts Box 4,
HDZ-242-E1,7/10/2024,SA,DNA,Quick-DNA Fecal/Soil Microbe,HDZ-242,46,HDZ Loris DNA Extracts Box 4,
HDZ-243-E1,7/10/2024,SA,DNA,Quick-DNA Fecal/Soil Microbe,HDZ-243,100,HDZ Loris DNA Extracts Box 4,
HDZ-244-E1,7/10/2024,SA,DNA,Quick-DNA Fecal/Soil Microbe,HDZ-244,62,HDZ Loris DNA Extracts Box 4,
HDZ-245-E1,7/10/2024,SA,DNA,Quick-DNA Fecal/Soil Microbe,HDZ-245,42,HDZ Loris DNA Extracts Box 4,
HDZ-246-E1,7/10/2024,SA,DNA,Quick-DNA Fecal/Soil Microbe,HDZ-246,29,HDZ Loris DNA Extracts Box 4,
HDZ-247-E1,7/10/2024,SA,DNA,Quick-DNA Fecal/Soil Microbe,HDZ-247,39,HDZ Loris DNA Extracts Box 4,
HDZ-248-E1,7/10/2024,SA,DNA,Quick-DNA Fecal/Soil Microbe,HDZ-248,42,HDZ Loris DNA Extracts Box 4,
HDZ-249-E1,7/10/2024,SA,DNA,Quick-DNA Fecal/Soil Microbe,HDZ-249,34,HDZ Loris DNA Extracts Box 4,
HDZ-250-E1,7/10/2024,SA,DNA,Quick-DNA Fecal/Soil Microbe,HDZ-250,38,HDZ Loris DNA Extracts Box 4,
HDZ-251-E1,7/10/2024,SA,DNA,Quick-DNA Fecal/Soil Microbe,HDZ-251,45,HDZ Loris DNA Extracts Box 4,
HDZ-252-E1,7/10/2024,SA,DNA,Quick-DNA Fecal/Soil Microbe,HDZ-252,57,HDZ Loris DNA Extracts Box 4,
HDZ-253-E1,7/10/2024,SA,DNA,Quick-DNA Fecal/Soil Microbe,HDZ-253,32,HDZ Loris DNA Extracts Box 4,
HDZ-254-E1,7/10/2024,SA,DNA,Quick-DNA Fecal/Soil Microbe,HDZ-254,41,HDZ Loris DNA Extracts Box 4,
HDZ-351-E1,7/10/2024,AS,DNA,Quick-DNA Fecal/Soil Microbe,HDZ-351,1.84,HDZ Loris DNA Extracts Box 4,
HDZ-352-E1,7/10/2024,AS,DNA,Quick-DNA Fecal/Soil Microbe,HDZ-352,22,HDZ Loris DNA Extracts Box 4,
HDZ-353-E1,7/10/2024,AS,DNA,Quick-DNA Fecal/Soil Microbe,HDZ-353,0.422,HDZ Loris DNA Extracts Box 4,
HDZ-354-E1,7/10/2024,AS,DNA,Quick-DNA Fecal/Soil Microbe,HDZ-354,34,HDZ Loris DNA Extracts Box 4,
HDZ-317-E1,7/11/2024,AS,DNA,Quick-DNA Fecal/Soil Microbe,HDZ-317,11,HDZ Loris DNA Extracts Box 4,
HDZ-318-E1,7/11/2024,AS,DNA,Quick-DNA Fecal/Soil Microbe,HDZ-318,18,HDZ Loris DNA Extracts Box 4,
HDZ-319-E1,7/11/2024,AS,DNA,Quick-DNA Fecal/Soil Microbe,HDZ-319,26,HDZ Loris DNA Extracts Box 4,
HDZ-336-E1,7/11/2024,ZE,DNA,Quick-DNA Fecal/Soil Microbe,HDZ-336,52,HDZ Loris DNA Extracts Box 4,
HDZ-337-E1,7/11/2024,ZE,DNA,Quick-DNA Fecal/Soil Microbe,HDZ-337,43,HDZ Loris DNA Extracts Box 4,
HDZ-338-E1,7/11/2024,ZE,DNA,Quick-DNA Fecal/Soil Microbe,HDZ-338,69,HDZ Loris DNA Extracts Box 4,
HDZ-258-E1,7/12/2024,AS,DNA,Quick-DNA Fecal/Soil Microbe,HDZ-258,37,HDZ Loris DNA Extracts Box 4,
HDZ-259-E1,7/12/2024,AS,DNA,Quick-DNA Fecal/Soil Microbe,HDZ-259,52,HDZ Loris DNA Extracts Box 4,
HDZ-260-E1,7/12/2024,AS,DNA,Quick-DNA Fecal/Soil Microbe,HDZ-260,15,HDZ Loris DNA Extracts Box 4,
HDZ-332-E1,7/12/2024,EK,DNA,Quick-DNA Fecal/Soil Microbe,HDZ-332,27,HDZ Loris DNA Extracts Box 4,
HDZ-333-E1,7/12/2024,EK,DNA,Quick-DNA Fecal/Soil Microbe,HDZ-333,69,HDZ Loris DNA Extracts Box 4,
HDZ-335-E1,7/12/2024,EK,DNA,Quick-DNA Fecal/Soil Microbe,HDZ-335,28,HDZ Loris DNA Extracts Box 4,
HDZ-262-E1,7/15/2024,ZE,DNA,Quick-DNA Fecal/Soil Microbe,HDZ-262,38,HDZ Loris DNA Extracts Box 4,
HDZ-263-E1,7/15/2024,ZE,DNA,Quick-DNA Fecal/Soil Microbe,HDZ-263,73,HDZ Loris DNA Extracts Box 4,
HDZ-264-E1,7/15/2024,ZE,DNA,Quick-DNA Fecal/Soil Microbe,HDZ-264,45,HDZ Loris DNA Extracts Box 4,
HDZ-265-E1,7/15/2024,ZE,DNA,Quick-DNA Fecal/Soil Microbe,HDZ-265,59,HDZ Loris DNA Extracts Box 4,
HDZ-266-E1,7/15/2024,ZE,DNA,Quick-DNA Fecal/Soil Microbe,HDZ-266,40,HDZ Loris DNA Extracts Box 4,
HDZ-267-E1,7/15/2024,ZE,DNA,Quick-DNA Fecal/Soil Microbe,HDZ-267,34,HDZ Loris DNA Extracts Box 4,
HDZ-255-E1,7/18/2024,ZE,DNA,Quick-DNA Fecal/Soil Microbe,HDZ-255,34,HDZ Loris DNA Extracts Box 4,Possibly contaminated
HDZ-256-E1,7/18/2024,ZE,DNA,Quick-DNA Fecal/Soil Microbe,HDZ-256,35,HDZ Loris DNA Extracts Box 4,Possibly contaminated
HDZ-257-E1,7/18/2024,ZE,DNA,Quick-DNA Fecal/Soil Microbe,HDZ-257,26,HDZ Loris DNA Extracts Box 4,Possibly contaminated
HDZ-341-E1,7/18/2024,AS,DNA,Quick-DNA Fecal/Soil Microbe,HDZ-341,57,HDZ Loris DNA Extracts Box 4,
HDZ-342-E1,7/18/2024,AS,DNA,Quick-DNA Fecal/Soil Microbe,HDZ-342,47,HDZ Loris DNA Extracts Box 4,
HDZ-343-E1,7/18/2024,AS,DNA,Quick-DNA Fecal/Soil Microbe,HDZ-343,51,HDZ Loris DNA Extracts Box 4,
HDZ-349-E1,7/19/2024,AS,DNA,Quick-DNA Fecal/Soil Microbe,HDZ-349,86,HDZ Loris DNA Extracts Box 4,
HDZ-350-E1,7/19/2024,AS,DNA,Quick-DNA Fecal/Soil Microbe,HDZ-350,8.4,HDZ Loris DNA Extracts Box 4,
HDZ-355-E1,7/22/2024,ZE,DNA,Quick-DNA Fecal/Soil Microbe,HDZ-355,33,HDZ Loris DNA Extracts Box 4,
HDZ-356-E1,7/22/2024,ZE,DNA,Quick-DNA Fecal/Soil Microbe,HDZ-356,31,HDZ Loris DNA Extracts Box 4,
HDZ-357-E1,7/22/2024,ZE,DNA,Quick-DNA Fecal/Soil Microbe,HDZ-357,13,HDZ Loris DNA Extracts Box 4,
HDZ-358-E1,7/22/2024,ZE,DNA,Quick-DNA Fecal/Soil Microbe,HDZ-358,48,HDZ Loris DNA Extracts Box 4,
HDZ-359-E1,7/22/2024,ZE,DNA,Quick-DNA Fecal/Soil Microbe,HDZ-359,33,HDZ Loris DNA Extracts Box 4,
HDZ-360-E1,7/22/2024,ZE,DNA,Quick-DNA Fecal/Soil Microbe,HDZ-360,48,HDZ Loris DNA Extracts Box 4,
HDZ-361-E1,7/22/2024,ZE,DNA,Quick-DNA Fecal/Soil Microbe,HDZ-361,68,HDZ Loris DNA Extracts Box 4,
HDZ-001-E1,7/26/2024,SA,DNA,Quick-DNA Fecal/Soil Microbe,HDZ-001,39,HDZ Loris DNA Extracts Box 4,
HDZ-160-E1,7/26/2024,SA,DNA,Quick-DNA Fecal/Soil Microbe,HDZ-160,45,HDZ Loris DNA Extracts Box 4,
HDZ-164-E1,7/26/2024,SA,DNA,Quick-DNA Fecal/Soil Microbe,HDZ-164,18,HDZ Loris DNA Extracts Box 4,
HDZ-165-E1,7/26/2024,SA,DNA,Quick-DNA Fecal/Soil Microbe,HDZ-165,22,HDZ Loris DNA Extracts Box 4,
HDZ-166-E1,7/26/2024,SA,DNA,Quick-DNA Fecal/Soil Microbe,HDZ-166,9.1,HDZ Loris DNA Extracts Box 4,
HDZ-178-E1,7/26/2024,SA,DNA,Quick-DNA Fecal/Soil Microbe,HDZ-178,60,HDZ Loris DNA Extracts Box 4,
HDZ-189-E1,7/26/2024,SA,DNA,Quick-DNA Fecal/Soil Microbe,HDZ-189,68,HDZ Loris DNA Extracts Box 4,
HDZ-214-E1,7/26/2024,SA,DNA,Quick-DNA Fecal/Soil Microbe,HDZ-214,43,HDZ Loris DNA Extracts Box 4,
HDZ-415-E1,7/26/2024,SA,DNA,Quick-DNA Fecal/Soil Microbe,HDZ-415,98,HDZ Loris DNA Extracts Box 4,
HDZ-416-E1,7/26/2024,SA,DNA,Quick-DNA Fecal/Soil Microbe,HDZ-416,45,HDZ Loris DNA Extracts Box 4,
HDZ-417-E1,7/26/2024,SA,DNA,Quick-DNA Fecal/Soil Microbe,HDZ-417,57,HDZ Loris DNA Extracts Box 4,
HDZ-420-E1,7/26/2024,SA,DNA,Quick-DNA Fecal/Soil Microbe,HDZ-420,71,HDZ Loris DNA Extracts Box 4,
HDZ-421-E1,7/26/2024,SA,DNA,Quick-DNA Fecal/Soil Microbe,HDZ-421,34,HDZ Loris DNA Extracts Box 4,
HDZ-422-E1,7/26/2024,SA,DNA,Quick-DNA Fecal/Soil Microbe,HDZ-422,107,HDZ Loris DNA Extracts Box 4,
HDZ-423-E1,7/26/2024,SA,DNA,Quick-DNA Fecal/Soil Microbe,HDZ-423,77,HDZ Loris DNA Extracts Box 4,
HDZ-424-E1,8/6/2024,SA,DNA,Quick-DNA Fecal/Soil Microbe,HDZ-424,43,HDZ Loris DNA Extracts Box 5,
HDZ-425-E1,8/6/2024,SA,DNA,Quick-DNA Fecal/Soil Microbe,HDZ-425,55,HDZ Loris DNA Extracts Box 5,
HDZ-426-E1,8/6/2024,SA,DNA,Quick-DNA Fecal/Soil Microbe,HDZ-426,41,HDZ Loris DNA Extracts Box 5,
HDZ-430-E1,8/6/2024,SA,DNA,Quick-DNA Fecal/Soil Microbe,HDZ-430,>100,HDZ Loris DNA Extracts Box 5,
HDZ-431-E1,8/6/2024,SA,DNA,Quick-DNA Fecal/Soil Microbe,HDZ-431,21,HDZ Loris DNA Extracts Box 5,
HDZ-432-E1,8/6/2024,SA,DNA,Quick-DNA Fecal/Soil Microbe,HDZ-432,40,HDZ Loris DNA Extracts Box 5,
HDZ-433-E1,8/6/2024,SA,DNA,Quick-DNA Fecal/Soil Microbe,HDZ-433,52,HDZ Loris DNA Extracts Box 5,
HDZ-434-E1,8/6/2024,SA,DNA,Quick-DNA Fecal/Soil Microbe,HDZ-434,55,HDZ Loris DNA Extracts Box 5,
HDZ-437-E1,8/6/2024,SA,DNA,Quick-DNA Fecal/Soil Microbe,HDZ-437,72,HDZ Loris DNA Extracts Box 5,
HDZ-438-E1,8/6/2024,SA,DNA,Quick-DNA Fecal/Soil Microbe,HDZ-438,25,HDZ Loris DNA Extracts Box 5,
HDZ-439-E1,8/6/2024,SA,DNA,Quick-DNA Fecal/Soil Microbe,HDZ-439,50,HDZ Loris DNA Extracts Box 5,
HDZ-440-E1,8/6/2024,SA,DNA,Quick-DNA Fecal/Soil Microbe,HDZ-440,52,HDZ Loris DNA Extracts Box 5,
HDZ-442-E1,8/6/2024,SA,DNA,Quick-DNA Fecal/Soil Microbe,HDZ-442,66,HDZ Loris DNA Extracts Box 5,
HDZ-443-E1,8/6/2024,SA,DNA,Quick-DNA Fecal/Soil Microbe,HDZ-443,45,HDZ Loris DNA Extracts Box 5,
HDZ-444-E1,8/6/2024,SA,DNA,Quick-DNA Fecal/Soil Microbe,HDZ-444,51,HDZ Loris DNA Extracts Box 5,
HDZ-362-E1,8/7/2024,SA,DNA,Quick-DNA Fecal/Soil Microbe,HDZ-362,28,HDZ Loris DNA Extracts Box 5,
HDZ-363-E1,8/7/2024,SA,DNA,Quick-DNA Fecal/Soil Microbe,HDZ-363,39,HDZ Loris DNA Extracts Box 5,
HDZ-364-E1,8/7/2024,SA,DNA,Quick-DNA Fecal/Soil Microbe,HDZ-364,73,HDZ Loris DNA Extracts Box 5,
HDZ-365-E1,8/7/2024,SA,DNA,Quick-DNA Fecal/Soil Microbe,HDZ-365,55,HDZ Loris DNA Extracts Box 5,
HDZ-366-E1,8/7/2024,SA,DNA,Quick-DNA Fecal/Soil Microbe,HDZ-366,46,HDZ Loris DNA Extracts Box 5,
HDZ-367-E1,8/7/2024,SA,DNA,Quick-DNA Fecal/Soil Microbe,HDZ-367,47,HDZ Loris DNA Extracts Box 5,
HDZ-371-E1,8/7/2024,SA,DNA,Quick-DNA Fecal/Soil Microbe,HDZ-371,22,HDZ Loris DNA Extracts Box 5,
HDZ-372-E1,8/7/2024,SA,DNA,Quick-DNA Fecal/Soil Microbe,HDZ-372,26,HDZ Loris DNA Extracts Box 5,
HDZ-373-E1,8/7/2024,SA,DNA,Quick-DNA Fecal/Soil Microbe,HDZ-373,11,HDZ Loris DNA Extracts Box 5,
HDZ-316-E1,8/8/2024,ZE,DNA,Quick-DNA Fecal/Soil Microbe,HDZ-316,79,HDZ Loris DNA Extracts Box 5,
HDZ-345-E1,8/8/2024,ZE,DNA,Quick-DNA Fecal/Soil Microbe,HDZ-345,69,HDZ Loris DNA Extracts Box 5,
HDZ-348-E1,8/8/2024,ZE,DNA,Quick-DNA Fecal/Soil Microbe,HDZ-348,33,HDZ Loris DNA Extracts Box 5,
HDZ-368-E1,8/8/2024,AS,DNA,Quick-DNA Fecal/Soil Microbe,HDZ-368,16,HDZ Loris DNA Extracts Box 5,
HDZ-369-E1,8/8/2024,AS,DNA,Quick-DNA Fecal/Soil Microbe,HDZ-369,20,HDZ Loris DNA Extracts Box 5,
HDZ-370-E1,8/8/2024,AS,DNA,Quick-DNA Fecal/Soil Microbe,HDZ-370,55,HDZ Loris DNA Extracts Box 5,
HDZ-339-E1,8/9/2024,AS,DNA,Quick-DNA Fecal/Soil Microbe,HDZ-339,76,HDZ Loris DNA Extracts Box 5,
HDZ-445-E1,8/15/2024,AS,DNA,Quick-DNA Fecal/Soil Microbe,HDZ-445,91,HDZ Loris DNA Extracts Box 5,
HDZ-448-E1,8/15/2024,AS,DNA,Quick-DNA Fecal/Soil Microbe,HDZ-448,99,HDZ Loris DNA Extracts Box 5,
HDZ-449-E1,8/15/2024,AS,DNA,Quick-DNA Fecal/Soil Microbe,HDZ-449,9.8,HDZ Loris DNA Extracts Box 5,
HDZ-383-E1,8/19/2024,SA,DNA,Quick-DNA Fecal/Soil Microbe,HDZ-383,30,HDZ Loris DNA Extracts Box 5,
HDZ-384-E1,8/19/2024,SA,DNA,Quick-DNA Fecal/Soil Microbe,HDZ-384,41,HDZ Loris DNA Extracts Box 5,
HDZ-385-E1,8/19/2024,SA,DNA,Quick-DNA Fecal/Soil Microbe,HDZ-385,87,HDZ Loris DNA Extracts Box 5,
HDZ-386-E1,8/19/2024,SA,DNA,Quick-DNA Fecal/Soil Microbe,HDZ-386,33,HDZ Loris DNA Extracts Box 5,
HDZ-387-E1,8/19/2024,SA,DNA,Quick-DNA Fecal/Soil Microbe,HDZ-387,46,HDZ Loris DNA Extracts Box 5,
HDZ-388-E1,8/19/2024,SA,DNA,Quick-DNA Fecal/Soil Microbe,HDZ-388,63,HDZ Loris DNA Extracts Box 5,
HDZ-389-E1,8/19/2024,SA,DNA,Quick-DNA Fecal/Soil Microbe,HDZ-389,84,HDZ Loris DNA Extracts Box 5,
HDZ-390-E1,8/19/2024,SA,DNA,Quick-DNA Fecal/Soil Microbe,HDZ-390,18,HDZ Loris DNA Extracts Box 5,
HDZ-391-E1,8/19/2024,SA,DNA,Quick-DNA Fecal/Soil Microbe,HDZ-391,45,HDZ Loris DNA Extracts Box 5,
HDZ-392-E1,8/19/2024,SA,DNA,Quick-DNA Fecal/Soil Microbe,HDZ-392,7.3,HDZ Loris DNA Extracts Box 5,
HDZ-393-E1,8/19/2024,SA,DNA,Quick-DNA Fecal/Soil Microbe,HDZ-393,29,HDZ Loris DNA Extracts Box 5,
HDZ-394-E1,8/19/2024,SA,DNA,Quick-DNA Fecal/Soil Microbe,HDZ-394,52,HDZ Loris DNA Extracts Box 5,
HDZ-395-E1,8/19/2024,SA,DNA,Quick-DNA Fecal/Soil Microbe,HDZ-395,65,HDZ Loris DNA Extracts Box 5,
HDZ-396-E1,8/19/2024,SA,DNA,Quick-DNA Fecal/Soil Microbe,HDZ-396,30,HDZ Loris DNA Extracts Box 5,
HDZ-397-E1,8/19/2024,SA,DNA,Quick-DNA Fecal/Soil Microbe,HDZ-397,80,HDZ Loris DNA Extracts Box 5,
HDZ-374-E1,8/22/2024,ZE,DNA,Quick-DNA Fecal/Soil Microbe,HDZ-374,56,HDZ Loris DNA Extracts Box 5,
HDZ-375-E1,8/22/2024,ZE,DNA,Quick-DNA Fecal/Soil Microbe,HDZ-375,36,HDZ Loris DNA Extracts Box 5,
HDZ-376-E1,8/22/2024,ZE,DNA,Quick-DNA Fecal/Soil Microbe,HDZ-376,48,HDZ Loris DNA Extracts Box 5,
HDZ-377-E1,8/22/2024,AS,DNA,Quick-DNA Fecal/Soil Microbe,HDZ-377,38,HDZ Loris DNA Extracts Box 5,
HDZ-378-E1,8/22/2024,AS,DNA,Quick-DNA Fecal/Soil Microbe,HDZ-378,14,HDZ Loris DNA Extracts Box 5,
HDZ-379-E1,8/22/2024,AS,DNA,Quick-DNA Fecal/Soil Microbe,HDZ-379,57,HDZ Loris DNA Extracts Box 5,
HDZ-380-E1,8/22/2024,AS,DNA,Quick-DNA Fecal/Soil Microbe,HDZ-380,15,HDZ Loris DNA Extracts Box 5,
HDZ-230-E1,8/23/2024,AS,DNA,Quick-DNA Fecal/Soil Microbe,HDZ-230,28,HDZ Loris DNA Extracts Box 5,
HDZ-231-E1,8/23/2024,AS,DNA,Quick-DNA Fecal/Soil Microbe,HDZ-231,33,HDZ Loris DNA Extracts Box 5,
HDZ-232-E1,8/23/2024,AS,DNA,Quick-DNA Fecal/Soil Microbe,HDZ-232,28,HDZ Loris DNA Extracts Box 5,
HDZ-233-E1,8/23/2024,ZE,DNA,Quick-DNA Fecal/Soil Microbe,HDZ-233,35,HDZ Loris DNA Extracts Box 5,
HDZ-234-E1,8/23/2024,ZE,DNA,Quick-DNA Fecal/Soil Microbe,HDZ-234,72,HDZ Loris DNA Extracts Box 5,
HDZ-235-E1,8/23/2024,ZE,DNA,Quick-DNA Fecal/Soil Microbe,HDZ-235,41,HDZ Loris DNA Extracts Box 5,
HDZ-236-E1,8/23/2024,ZE,DNA,Quick-DNA Fecal/Soil Microbe,HDZ-236,49,HDZ Loris DNA Extracts Box 5,
HDZ-381-E1,8/23/2024,SA,DNA,Quick-DNA Fecal/Soil Microbe,HDZ-381,13,HDZ Loris DNA Extracts Box 5,
HDZ-382-E1,8/23/2024,SA,DNA,Quick-DNA Fecal/Soil Microbe,HDZ-382,9.7,HDZ Loris DNA Extracts Box 5,
HDZ-398-E1,8/23/2024,SA,DNA,Quick-DNA Fecal/Soil Microbe,HDZ-398,21,HDZ Loris DNA Extracts Box 5,
HDZ-399-E1,8/23/2024,SA,DNA,Quick-DNA Fecal/Soil Microbe,HDZ-399,40,HDZ Loris DNA Extracts Box 5,
HDZ-400-E1,8/23/2024,SA,DNA,Quick-DNA Fecal/Soil Microbe,HDZ-400,44,HDZ Loris DNA Extracts Box 5,
HDZ-401-E1,8/23/2024,SA,DNA,Quick-DNA Fecal/Soil Microbe,HDZ-401,30,HDZ Loris DNA Extracts Box 5,
HDZ-402-E1,8/23/2024,SA,DNA,Quick-DNA Fecal/Soil Microbe,HDZ-402,20,HDZ Loris DNA Extracts Box 5,
HDZ-403-E1,8/23/2024,SA,DNA,Quick-DNA Fecal/Soil Microbe,HDZ-403,4.08,HDZ Loris DNA Extracts Box 5,
HDZ-405-E1,8/23/2024,SA,DNA,Quick-DNA Fecal/Soil Microbe,HDZ-405,39,HDZ Loris DNA Extracts Box 5,
HDZ-406-E1,8/23/2024,SA,DNA,Quick-DNA Fecal/Soil Microbe,HDZ-406,38,HDZ Loris DNA Extracts Box 5,
HDZ-407-E1,8/23/2024,SA,DNA,Quick-DNA Fecal/Soil Microbe,HDZ-407,18,HDZ Loris DNA Extracts Box 5,
HDZ-408-E1,8/23/2024,SA,DNA,Quick-DNA Fecal/Soil Microbe,HDZ-408,63,HDZ Loris DNA Extracts Box 5,
HDZ-409-E1,8/23/2024,SA,DNA,Quick-DNA Fecal/Soil Microbe,HDZ-409,30,HDZ Loris DNA Extracts Box 5,
HDZ-095-E1,8/26/2024,SA,DNA,Quick-DNA Fecal/Soil Microbe,HDZ-095,27,HDZ Loris DNA Extracts Box 6,
HDZ-237-E1,8/26/2024,SA,DNA,Quick-DNA Fecal/Soil Microbe,HDZ-237,54,HDZ Loris DNA Extracts Box 6,
HDZ-238-E1,8/26/2024,SA,DNA,Quick-DNA Fecal/Soil Microbe,HDZ-238,81,HDZ Loris DNA Extracts Box 6,
HDZ-239-E1,8/26/2024,SA,DNA,Quick-DNA Fecal/Soil Microbe,HDZ-239,39,HDZ Loris DNA Extracts Box 6,
HDZ-268-E1,8/26/2024,SA,DNA,Quick-DNA Fecal/Soil Microbe,HDZ-268,50,HDZ Loris DNA Extracts Box 6,
HDZ-269-E1,8/26/2024,SA,DNA,Quick-DNA Fecal/Soil Microbe,HDZ-269,1.83,HDZ Loris DNA Extracts Box 6,
HDZ-270-E1,8/26/2024,SA,DNA,Quick-DNA Fecal/Soil Microbe,HDZ-270,53,HDZ Loris DNA Extracts Box 6,
HDZ-271-E1,8/26/2024,SA,DNA,Quick-DNA Fecal/Soil Microbe,HDZ-271,51,HDZ Loris DNA Extracts Box 6,
HDZ-272-E1,8/26/2024,SA,DNA,Quick-DNA Fecal/Soil Microbe,HDZ-272,39,HDZ Loris DNA Extracts Box 6,
HDZ-273-E1,8/26/2024,SA,DNA,Quick-DNA Fecal/Soil Microbe,HDZ-273,24,HDZ Loris DNA Extracts Box 6,
HDZ-274-E1,8/26/2024,SA,DNA,Quick-DNA Fecal/Soil Microbe,HDZ-274,40,HDZ Loris DNA Extracts Box 6,
HDZ-344-E1,8/26/2024,SA,DNA,Quick-DNA Fecal/Soil Microbe,HDZ-344,28,HDZ Loris DNA Extracts Box 6,
HDZ-346-E1,8/26/2024,SA,DNA,Quick-DNA Fecal/Soil Microbe,HDZ-346,26,HDZ Loris DNA Extracts Box 6,
HDZ-347-E1,8/26/2024,SA,DNA,Quick-DNA Fecal/Soil Microbe,HDZ-347,32,HDZ Loris DNA Extracts Box 6,
HDZ-450-E1,8/26/2024,SA,DNA,Quick-DNA Fecal/Soil Microbe,HDZ-450,60,HDZ Loris DNA Extracts Box 6,
HDZ-158-E1,8/27/2024,ZE,DNA,Quick-DNA Fecal/Soil Microbe,HDZ-158,39,HDZ Loris DNA Extracts Box 6,
HDZ-159-E1,8/27/2024,ZE,DNA,Quick-DNA Fecal/Soil Microbe,HDZ-159,22,HDZ Loris DNA Extracts Box 6,
HDZ-171-E1,8/27/2024,ZE,DNA,Quick-DNA Fecal/Soil Microbe,HDZ-171,32,HDZ Loris DNA Extracts Box 6,
HDZ-172-E1,8/27/2024,ZE,DNA,Quick-DNA Fecal/Soil Microbe,HDZ-172,76,HDZ Loris DNA Extracts Box 6,
HDZ-412-E1,8/27/2024,ZE,DNA,Quick-DNA Fecal/Soil Microbe,HDZ-412,44,HDZ Loris DNA Extracts Box 6,
HDZ-413-E1,8/27/2024,ZE,DNA,Quick-DNA Fecal/Soil Microbe,HDZ-413,72,HDZ Loris DNA Extracts Box 6,
HDZ-414-E1,8/27/2024,ZE,DNA,Quick-DNA Fecal/Soil Microbe,HDZ-414,88,HDZ Loris DNA Extracts Box 6,
HDZ-329-E1,8/28/2024,SA,DNA,Quick-DNA Fecal/Soil Microbe,HDZ-329,66,HDZ Loris DNA Extracts Box 6,
HDZ-330-E1,8/28/2024,SA,DNA,Quick-DNA Fecal/Soil Microbe,HDZ-330,45,HDZ Loris DNA Extracts Box 6,
HDZ-331-E1,8/28/2024,SA,DNA,Quick-DNA Fecal/Soil Microbe,HDZ-331,32,HDZ Loris DNA Extracts Box 6,
HDZ-334-E1,8/28/2024,SA,DNA,Quick-DNA Fecal/Soil Microbe,HDZ-334,37,HDZ Loris DNA Extracts Box 6,
HDZ-340-E1,8/28/2024,SA,DNA,Quick-DNA Fecal/Soil Microbe,HDZ-340,35,HDZ Loris DNA Extracts Box 6,
HDZ-441-E1,8/28/2024,SA,DNA,Quick-DNA Fecal/Soil Microbe,HDZ-441,44,HDZ Loris DNA Extracts Box 6,
HDZ-446-E1,8/28/2024,SA,DNA,Quick-DNA Fecal/Soil Microbe,HDZ-446,27,HDZ Loris DNA Extracts Box 6,
HDZ-447-E1,8/28/2024,SA,DNA,Quick-DNA Fecal/Soil Microbe,HDZ-447,58,HDZ Loris DNA Extracts Box 6,
HDZ-451-E1,8/28/2024,SA,DNA,Quick-DNA Fecal/Soil Microbe,HDZ-451,32,HDZ Loris DNA Extracts Box 6,
HDZ-452-E1,8/28/2024,SA,DNA,Quick-DNA Fecal/Soil Microbe,HDZ-452,9.3,HDZ Loris DNA Extracts Box 6,
HDZ-453-E1,8/28/2024,SA,DNA,Quick-DNA Fecal/Soil Microbe,HDZ-453,48,HDZ Loris DNA Extracts Box 6,
HDZ-454-E1,8/28/2024,SA,DNA,Quick-DNA Fecal/Soil Microbe,HDZ-454,72,HDZ Loris DNA Extracts Box 6,
HDZ-455-E1,8/28/2024,SA,DNA,Quick-DNA Fecal/Soil Microbe,HDZ-455,25,HDZ Loris DNA Extracts Box 6,
HDZ-456-E1,8/28/2024,SA,DNA,Quick-DNA Fecal/Soil Microbe,HDZ-456,39,HDZ Loris DNA Extracts Box 6,
HDZ-457-E1,8/28/2024,SA,DNA,Quick-DNA Fecal/Soil Microbe,HDZ-457,66,HDZ Loris DNA Extracts Box 6,
HDZ-418-E1,8/30/2024,AS,DNA,Quick-DNA Fecal/Soil Microbe,HDZ-418,63,HDZ Loris DNA Extracts Box 6,
HDZ-419-E1,8/30/2024,AS,DNA,Quick-DNA Fecal/Soil Microbe,HDZ-419,76,HDZ Loris DNA Extracts Box 6,
HDZ-427-E1,8/30/2024,AS,DNA,Quick-DNA Fecal/Soil Microbe,HDZ-427,91,HDZ Loris DNA Extracts Box 6,
HDZ-428-E1,9/4/2024,ZE,DNA,Quick-DNA Fecal/Soil Microbe,HDZ-428,32,HDZ Loris DNA Extracts Box 6,
HDZ-429-E1,9/4/2024,ZE,DNA,Quick-DNA Fecal/Soil Microbe,HDZ-429,28,HDZ Loris DNA Extracts Box 6,
HDZ-435-E1,9/4/2024,ZE,DNA,Quick-DNA Fecal/Soil Microbe,HDZ-435,79,HDZ Loris DNA Extracts Box 6,
HDZ-436-E1,9/4/2024,ZE,DNA,Quick-DNA Fecal/Soil Microbe,HDZ-436,78,HDZ Loris DNA Extracts Box 6,
HDZ-458-E1,9/4/2024,AS,DNA,Quick-DNA Fecal/Soil Microbe,HDZ-458,47,HDZ Loris DNA Extracts Box 6,
HDZ-459-E1,9/4/2024,AS,DNA,Quick-DNA Fecal/Soil Microbe,HDZ-459,88,HDZ Loris DNA Extracts Box 6,
HDZ-460-E1,9/4/2024,AS,DNA,Quick-DNA Fecal/Soil Microbe,HDZ-460,50,HDZ Loris DNA Extracts Box 6,
HDZ-410-E1,9/6/2024,AS,DNA,Quick-DNA Fecal/Soil Microbe,HDZ-410,62,HDZ Loris DNA Extracts Box 6,
HDZ-411-E1,9/6/2024,AS,DNA,Quick-DNA Fecal/Soil Microbe,HDZ-411,45,HDZ Loris DNA Extracts Box 6,
HDZ-467-E1,9/9/2024,SA,DNA,Quick-DNA Fecal/Soil Microbe,HDZ-467,10,HDZ Loris DNA Extracts Box 6,
HDZ-468-E1,9/9/2024,SA,DNA,Quick-DNA Fecal/Soil Microbe,HDZ-468,43,HDZ Loris DNA Extracts Box 6,
HDZ-469-E1,9/9/2024,SA,DNA,Quick-DNA Fecal/Soil Microbe,HDZ-469,51,HDZ Loris DNA Extracts Box 6,
HDZ-470-E1,9/9/2024,SA,DNA,Quick-DNA Fecal/Soil Microbe,HDZ-470,52,HDZ Loris DNA Extracts Box 6,
HDZ-461-E1,9/12/2024,ZE,DNA,Quick-DNA Fecal/Soil Microbe,HDZ-461,19,HDZ Loris DNA Extracts Box 6,
HDZ-462-E1,9/12/2024,ZE,DNA,Quick-DNA Fecal/Soil Microbe,HDZ-462,37,HDZ Loris DNA Extracts Box 6,
HDZ-463-E1,9/12/2024,ZE,DNA,Quick-DNA Fecal/Soil Microbe,HDZ-463,46,HDZ Loris DNA Extracts Box 6,
HDZ-464-E1,9/12/2024,ZE,DNA,Quick-DNA Fecal/Soil Microbe,HDZ-464,36,HDZ Loris DNA Extracts Box 6,
HDZ-465-E1,9/12/2024,ZE,DNA,Quick-DNA Fecal/Soil Microbe,HDZ-465,36,HDZ Loris DNA Extracts Box 6,
HDZ-466-E1,9/13/2024,AS,DNA,Quick-DNA Fecal/Soil Microbe,HDZ-466,46,HDZ Loris DNA Extracts Box 6,
HDZ-473-E1,9/13/2024,AS,DNA,Quick-DNA Fecal/Soil Microbe,HDZ-473,80,HDZ Loris DNA Extracts Box 6,
HDZ-474-E1,9/24/2024,SA,DNA,Quick-DNA Fecal/Soil Microbe,HDZ-474,55,HDZ Loris DNA Extracts Box 6,
HDZ-475-E1,9/24/2024,SA,DNA,Quick-DNA Fecal/Soil Microbe,HDZ-475,75,HDZ Loris DNA Extracts Box 6,
HDZ-476-E1,9/25/2024,AS,DNA,Quick-DNA Fecal/Soil Microbe,HDZ-476,49,HDZ Loris DNA Extracts Box 6,
HDZ-477-E1,9/25/2024,AS,DNA,Quick-DNA Fecal/Soil Microbe,HDZ-477,73,HDZ Loris DNA Extracts Box 6,
HDZ-478-E1,9/25/2024,AS,DNA,Quick-DNA Fecal/Soil Microbe,HDZ-478,48,HDZ Loris DNA Extracts Box 6,
HDZ-479-E1,9/25/2024,SA,DNA,Quick-DNA Fecal/Soil Microbe,HDZ-479,56,HDZ Loris DNA Extracts Box 6,
HDZ-480-E1,9/25/2024,SA,DNA,Quick-DNA Fecal/Soil Microbe,HDZ-480,52,HDZ Loris DNA Extracts Box 6,
HDZ-481-E1,9/25/2024,SA,DNA,Quick-DNA Fecal/Soil Microbe,HDZ-481,51,HDZ Loris DNA Extracts Box 6,
HDZ-482-E1,9/25/2024,SA,DNA,Quick-DNA Fecal/Soil Microbe,HDZ-482,68,HDZ Loris DNA Extracts Box 7,
HDZ-483-E1,9/25/2024,SA,DNA,Quick-DNA Fecal/Soil Microbe,HDZ-483,78,HDZ Loris DNA Extracts Box 7,
HDZ-484-E1,9/25/2024,SA,DNA,Quick-DNA Fecal/Soil Microbe,HDZ-484,103,HDZ Loris DNA Extracts Box 7,
HDZ-485-E1,9/25/2024,SA,DNA,Quick-DNA Fecal/Soil Microbe,HDZ-485,61,HDZ Loris DNA Extracts Box 7,
HDZ-486-E1,9/25/2024,SA,DNA,Quick-DNA Fecal/Soil Microbe,HDZ-486,46,HDZ Loris DNA Extracts Box 7,
HDZ-487-E1,9/27/2024,AS,DNA,Quick-DNA Fecal/Soil Microbe,HDZ-487,47,HDZ Loris DNA Extracts Box 7,
HDZ-488-E1,9/27/2024,AS,DNA,Quick-DNA Fecal/Soil Microbe,HDZ-488,59,HDZ Loris DNA Extracts Box 7,
HDZ-489-E1,9/27/2024,AS,DNA,Quick-DNA Fecal/Soil Microbe,HDZ-489,85,HDZ Loris DNA Extracts Box 7,
HDZ-490-E1,9/27/2024,AS,DNA,Quick-DNA Fecal/Soil Microbe,HDZ-490,89,HDZ Loris DNA Extracts Box 7,
HDZ-491-E1,10/1/2024,SA,DNA,Quick-DNA Fecal/Soil Microbe,HDZ-491,24,HDZ Loris DNA Extracts Box 7,
HDZ-492-E1,10/1/2024,SA,DNA,Quick-DNA Fecal/Soil Microbe,HDZ-492,7.4,HDZ Loris DNA Extracts Box 7,
HDZ-493-E1,10/1/2024,SA,DNA,Quick-DNA Fecal/Soil Microbe,HDZ-493,57,HDZ Loris DNA Extracts Box 7,
HDZ-494-E1,10/1/2024,SA/TR,DNA,Quick-DNA Fecal/Soil Microbe,HDZ-494,76,HDZ Loris DNA Extracts Box 7,
HDZ-495-E1,10/1/2024,SA/TR,DNA,Quick-DNA Fecal/Soil Microbe,HDZ-495,27,HDZ Loris DNA Extracts Box 7,
HDZ-496-E1,10/1/2024,SA/TR,DNA,Quick-DNA Fecal/Soil Microbe,HDZ-496,17,HDZ Loris DNA Extracts Box 7,
HDZ-497-E1,10/2/2024,AS,DNA,Quick-DNA Fecal/Soil Microbe,HDZ-497,36,HDZ Loris DNA Extracts Box 7,
HDZ-498-E1,10/2/2024,AS,DNA,Quick-DNA Fecal/Soil Microbe,HDZ-498,49,HDZ Loris DNA Extracts Box 7,
HDZ-499-E1,10/2/2024,AS,DNA,Quick-DNA Fecal/Soil Microbe,HDZ-499,46,HDZ Loris DNA Extracts Box 7,
HDZ-500-E1,10/2/2024,AS,DNA,Quick-DNA Fecal/Soil Microbe,HDZ-500,67,HDZ Loris DNA Extracts Box 7,
HDZ-501-E1,10/2/2024,AS,DNA,Quick-DNA Fecal/Soil Microbe,HDZ-501,74,HDZ Loris DNA Extracts Box 7,
HDZ-502-E1,10/8/2024,SA,DNA,Quick-DNA Fecal/Soil Microbe,HDZ-502,6.3,HDZ Loris DNA Extracts Box 7,
HDZ-503-E1,10/8/2024,SA,DNA,Quick-DNA Fecal/Soil Microbe,HDZ-503,8.8,HDZ Loris DNA Extracts Box 7,
HDZ-504-E1,10/8/2024,SA,DNA,Quick-DNA Fecal/Soil Microbe,HDZ-504,6.2,HDZ Loris DNA Extracts Box 7,
HDZ-505-E1,10/8/2024,SA,DNA,Quick-DNA Fecal/Soil Microbe,HDZ-505,0.744,HDZ Loris DNA Extracts Box 7,
HDZ-506-E1,10/8/2024,SA,DNA,Quick-DNA Fecal/Soil Microbe,HDZ-506,8.9,HDZ Loris DNA Extracts Box 7,
HDZ-507-E1,10/8/2024,SA,DNA,Quick-DNA Fecal/Soil Microbe,HDZ-507,9,HDZ Loris DNA Extracts Box 7,
HDZ-508-E1,10/8/2024,SA,DNA,Quick-DNA Fecal/Soil Microbe,HDZ-508,3.14,HDZ Loris DNA Extracts Box 7,
HDZ-509-E1,10/8/2024,SA,DNA,Quick-DNA Fecal/Soil Microbe,HDZ-509,10,HDZ Loris DNA Extracts Box 7,
HDZ-510-E1,10/8/2024,SA,DNA,Quick-DNA Fecal/Soil Microbe,HDZ-510,7.8,HDZ Loris DNA Extracts Box 7,
HDZ-517-E1,10/8/2024,SA,DNA,Quick-DNA Fecal/Soil Microbe,HDZ-517,5.2,HDZ Loris DNA Extracts Box 7,
HDZ-522-E1,10/8/2024,SA,DNA,Quick-DNA Fecal/Soil Microbe,HDZ-522,7.1,HDZ Loris DNA Extracts Box 7,
HDZ-525-E1,10/8/2024,SA,DNA,Quick-DNA Fecal/Soil Microbe,HDZ-525,11,HDZ Loris DNA Extracts Box 7,
HDZ-526-E1,10/8/2024,SA,DNA,Quick-DNA Fecal/Soil Microbe,HDZ-526,7.2,HDZ Loris DNA Extracts Box 7,
HDZ-511-E1,11/13/2024,AS,DNA,Quick-DNA Fecal/Soil Microbe,HDZ-511,>100,HDZ Loris DNA Extracts Box 7,
HDZ-513-E1,11/13/2024,AS,DNA,Quick-DNA Fecal/Soil Microbe,HDZ-513,9,HDZ Loris DNA Extracts Box 7,
HDZ-514-E1,11/13/2024,AS,DNA,Quick-DNA Fecal/Soil Microbe,HDZ-514,>100,HDZ Loris DNA Extracts Box 7,
HDZ-518-E1,11/15/2024,AS,DNA,Quick-DNA Fecal/Soil Microbe,HDZ-518,79,HDZ Loris DNA Extracts Box 7,
HDZ-521-E1,11/15/2024,AS,DNA,Quick-DNA Fecal/Soil Microbe,HDZ-521,76,HDZ Loris DNA Extracts Box 7,
HDZ-004-E2,11/3/2023,SA,RNA,Quick-DNA/RNA MagBead,HDZ-004,>109,,
HDZ-005-E2,11/3/2023,SA,RNA,Quick-DNA/RNA MagBead,HDZ-005,>109,,
HDZ-011-E2,11/30/2023,SA,RNA,Quick-DNA/RNA MagBead,HDZ-011,108,,
HDZ-013-E2,11/30/2023,SA,RNA,Quick-DNA/RNA MagBead,HDZ-013,85,,
HDZ-014-E2,11/30/2023,SA,RNA,Quick-DNA/RNA MagBead,HDZ-014,109,,
HDZ-015-E2,12/10/2023,SA,RNA,Quick-DNA/RNA MagBead,HDZ-015,>109,,
HDZ-018-E2,12/10/2023,SA,RNA,Quick-DNA/RNA MagBead,HDZ-018,86,,
HDZ-019-E2,12/10/2023,SA,RNA,Quick-DNA/RNA MagBead,HDZ-019,105,,
HDZ-020-E2,1/5/2024,SA,RNA,Quick-DNA/RNA MagBead,HDZ-020,1.63,,
HDZ-021-E2,1/5/2024,SA,RNA,Quick-DNA/RNA MagBead,HDZ-021,1.4,,
HDZ-022-E2,1/5/2024,SA,RNA,Quick-DNA/RNA MagBead,HDZ-022,9.3,,
HDZ-010-E2,1/23/2024,SA,RNA,Quick-DNA/RNA MagBead,HDZ-010,,,
HDZ-025-E2,1/23/2024,SA,RNA,Quick-DNA/RNA MagBead,HDZ-025,,,
HDZ-027-E2,1/23/2024,SA,RNA,Quick-DNA/RNA MagBead,HDZ-027,78,,
HDZ-028-E2,1/23/2024,SA,RNA,Quick-DNA/RNA MagBead,HDZ-028,>109,,
HDZ-029-E2,1/23/2024,SA,RNA,Quick-DNA/RNA MagBead,HDZ-029,>109,,
HDZ-039-E2,1/25/2024,MB,RNA,Quick-DNA/RNA MagBead,HDZ-039,,,
HDZ-043-E2,1/25/2024,MB,RNA,Quick-DNA/RNA MagBead,HDZ-043,,,
HDZ-057-E2,1/25/2024,MB,RNA,Quick-DNA/RNA MagBead,HDZ-057,,,
HDZ-069-E2,1/25/2024,MB,RNA,Quick-DNA/RNA MagBead,HDZ-069,,,
HDZ-071-E2,1/25/2024,MB,RNA,Quick-DNA/RNA MagBead,HDZ-071,,,
HDZ-002-E2,2/12/2024,SA,RNA,Quick-DNA/RNA MagBead,HDZ-002,,,
HDZ-012-E2,2/16/2024,SA,RNA,Quick-DNA/RNA MagBead,HDZ-012,,,
HDZ-016-E2,2/16/2024,SA,RNA,Quick-DNA/RNA MagBead,HDZ-016,,,
HDZ-023-E2,2/16/2024,SA,RNA,Quick-DNA/RNA MagBead,HDZ-023,,,
HDZ-024-E2,2/16/2024,SA,RNA,Quick-DNA/RNA MagBead,HDZ-024,,,
HDZ-026-E2,2/16/2024,SA,RNA,Quick-DNA/RNA MagBead,HDZ-026,,,
HDZ-030-E2,2/16/2024,SA,RNA,Quick-DNA/RNA MagBead,HDZ-030,,,
HDZ-031-E2,2/16/2024,SA,RNA,Quick-DNA/RNA MagBead,HDZ-031,,,
HDZ-032-E2,2/16/2024,SA,RNA,Quick-DNA/RNA MagBead,HDZ-032,,,
HDZ-034-E2,2/16/2024,SA,RNA,Quick-DNA/RNA MagBead,HDZ-034,,,
HDZ-035-E2,2/16/2024,SA,RNA,Quick-DNA/RNA MagBead,HDZ-035,,,
HDZ-037-E2,2/16/2024,SA,RNA,Quick-DNA/RNA MagBead,HDZ-037,,,
HDZ-038-E2,2/16/2024,SA,RNA,Quick-DNA/RNA MagBead,HDZ-038,,,
HDZ-040-E2,2/16/2024,SA,RNA,Quick-DNA/RNA MagBead,HDZ-040,,,
HDZ-041-E2,2/16/2024,SA,RNA,Quick-DNA/RNA MagBead,HDZ-041,,,
HDZ-042-E2,2/16/2024,SA,RNA,Quick-DNA/RNA MagBead,HDZ-042,,,
HDZ-046-E2,2/16/2024,SA,RNA,Quick-DNA/RNA MagBead,HDZ-046,,,
HDZ-047-E2,2/16/2024,SA,RNA,Quick-DNA/RNA MagBead,HDZ-047,,,
HDZ-050-E2,2/16/2024,SA,RNA,Quick-DNA/RNA MagBead,HDZ-050,,,
HDZ-051-E2,2/16/2024,SA,RNA,Quick-DNA/RNA MagBead,HDZ-051,,,
HDZ-059-E2,3/5/2024,MB,RNA,Quick-DNA/RNA MagBead,HDZ-059,,,
HDZ-061-E2,3/5/2024,MB,RNA,Quick-DNA/RNA MagBead,HDZ-061,,,
HDZ-068-E2,3/5/2024,MB,RNA,Quick-DNA/RNA MagBead,HDZ-068,,,
HDZ-072-E2,3/5/2024,MB,RNA,Quick-DNA/RNA MagBead,HDZ-072,,,
HDZ-075-E2,3/5/2024,MB,RNA,Quick-DNA/RNA MagBead,HDZ-075,,,
HDZ-076-E2,3/5/2024,MB,RNA,Quick-DNA/RNA MagBead,HDZ-076,,,
HDZ-077-E2,3/5/2024,MB,RNA,Quick-DNA/RNA MagBead,HDZ-077,,,
HDZ-078-E2,3/5/2024,MB,RNA,Quick-DNA/RNA MagBead,HDZ-078,,,
HDZ-079-E2,3/5/2024,MB,RNA,Quick-DNA/RNA MagBead,HDZ-079,,,
HDZ-033-E2,3/11/2024,MB,RNA,Quick-DNA/RNA MagBead,HDZ-033,,,
HDZ-044-E2,3/11/2024,MB,RNA,Quick-DNA/RNA MagBead,HDZ-044,,,
HDZ-048-E2,3/11/2024,MB,RNA,Quick-DNA/RNA MagBead,HDZ-048,,,
HDZ-049-E2,3/11/2024,MB,RNA,Quick-DNA/RNA MagBead,HDZ-049,,,
HDZ-053-E2,3/11/2024,MB,RNA,Quick-DNA/RNA MagBead,HDZ-053,,,
HDZ-054-E2,3/11/2024,MB,RNA,Quick-DNA/RNA MagBead,HDZ-054,,,
HDZ-058-E2,3/11/2024,MB,RNA,Quick-DNA/RNA MagBead,HDZ-058,,,
HDZ-074-E2,3/11/2024,MB,RNA,Quick-DNA/RNA MagBead,HDZ-074,,,
HDZ-080-E2,3/11/2024,MB,RNA,Quick-DNA/RNA MagBead,HDZ-080,,,
HDZ-081-E2,3/11/2024,MB,RNA,Quick-DNA/RNA MagBead,HDZ-081,,,
HDZ-082-E2,3/11/2024,MB,RNA,Quick-DNA/RNA MagBead,HDZ-082,,,
HDZ-083-E2,3/11/2024,MB,RNA,Quick-DNA/RNA MagBead,HDZ-083,,,
HDZ-084-E2,3/11/2024,MB,RNA,Quick-DNA/RNA MagBead,HDZ-084,,,
HDZ-085-E2,3/11/2024,MB,RNA,Quick-DNA/RNA MagBead,HDZ-085,,,
HDZ-086-E2,3/11/2024,MB,RNA,Quick-DNA/RNA MagBead,HDZ-086,,,
HDZ-087-E2,3/27/2024,MB,RNA,Quick-DNA/RNA MagBead,HDZ-087,,,
HDZ-088-E2,3/27/2024,MB,RNA,Quick-DNA/RNA MagBead,HDZ-088,,,
HDZ-089-E2,3/27/2024,MB,RNA,Quick-DNA/RNA MagBead,HDZ-089,,,
HDZ-090-E2,3/27/2024,MB,RNA,Quick-DNA/RNA MagBead,HDZ-090,,,
HDZ-091-E2,3/27/2024,MB,RNA,Quick-DNA/RNA MagBead,HDZ-091,,,
HDZ-092-E2,3/27/2024,MB,RNA,Quick-DNA/RNA MagBead,HDZ-092,,,
HDZ-093-E2,3/27/2024,MB,RNA,Quick-DNA/RNA MagBead,HDZ-093,,,
HDZ-094-E2,3/27/2024,MB,RNA,Quick-DNA/RNA MagBead,HDZ-094,,,
HDZ-096-E2,3/27/2024,MB,RNA,Quick-DNA/RNA MagBead,HDZ-096,,,
HDZ-097-E2,3/27/2024,MB,RNA,Quick-DNA/RNA MagBead,HDZ-097,,,
HDZ-098-E2,3/27/2024,MB,RNA,Quick-DNA/RNA MagBead,HDZ-098,,,
HDZ-099-E2,3/27/2024,MB,RNA,Quick-DNA/RNA MagBead,HDZ-099,,,
HDZ-101-E2,3/27/2024,MB,RNA,Quick-DNA/RNA MagBead,HDZ-101,,,
HDZ-102-E2,3/27/2024,MB,RNA,Quick-DNA/RNA MagBead,HDZ-102,,,
HDZ-103-E2,3/27/2024,MB,RNA,Quick-DNA/RNA MagBead,HDZ-103,,,
HDZ-001-E2,4/10/2024,MB,RNA,Quick-DNA/RNA MagBead,HDZ-001,,,
HDZ-036-E2,4/10/2024,MB,RNA,Quick-DNA/RNA MagBead,HDZ-036,,,
HDZ-045-E2,4/10/2024,MB,RNA,Quick-DNA/RNA MagBead,HDZ-045,,,
HDZ-052-E2,4/10/2024,MB,RNA,Quick-DNA/RNA MagBead,HDZ-052,,,
HDZ-060-E2,4/10/2024,MB,RNA,Quick-DNA/RNA MagBead,HDZ-060,,,
HDZ-104-E2,4/10/2024,MB,RNA,Quick-DNA/RNA MagBead,HDZ-104,,,
HDZ-105-E2,4/10/2024,MB,RNA,Quick-DNA/RNA MagBead,HDZ-105,,,
HDZ-106-E2,4/10/2024,MB,RNA,Quick-DNA/RNA MagBead,HDZ-106,,,
HDZ-107-E2,4/10/2024,MB,RNA,Quick-DNA/RNA MagBead,HDZ-107,,,
HDZ-108-E2,4/10/2024,MB,RNA,Quick-DNA/RNA MagBead,HDZ-108,,,
HDZ-109-E2,4/10/2024,MB,RNA,Quick-DNA/RNA MagBead,HDZ-109,,,
HDZ-222-E2,4/19/2024,SA/TSP,RNA,Quick-DNA/RNA MagBead,HDZ-222,,,
HDZ-223-E2,4/19/2024,SA/TSP,RNA,Quick-DNA/RNA MagBead,HDZ-223,,,
HDZ-224-E2,4/19/2024,SA/TSP,RNA,Quick-DNA/RNA MagBead,HDZ-224,,,
HDZ-226-E2,4/19/2024,SA/TSP,RNA,Quick-DNA/RNA MagBead,HDZ-226,,,
HDZ-227-E2,4/19/2024,SA/TSP,RNA,Quick-DNA/RNA MagBead,HDZ-227,,,