SampleID	CollectionDate	Subject	Subj_Certainty	SampleCollectedBy	SampleNotes	n_dna_extractions	n_rna_extractions	n_seq_16s	ExtractID_RNA	ExtractDate_RNA	ExtractedBy_RNA	ExtractKit_RNA	ExtractBox_RNA	ExtractNotes_RNA	ExtractConc_RNA	ExtractID_DNA	ExtractDate_DNA	ExtractedBy_DNA	ExtractKit_DNA	ExtractBox_DNA	ExtractNotes_DNA	ExtractConc_DNA	SequenceID	Seq_16sDate	Pipeline	LibraryTube	LibraryBarcode	LibraryFinalConc	LibraryPoolVol_ul	LibraryCode
HDZ-001	2023-11-04	Warble	yes	HDZ Keepers		1	1	1	HDZ-001-E2	2024-04-10	MB	Quick-DNA/RNA MagBead			NA	HDZ-001-E1	2024-07-26	SA	Quick-DNA Fecal/Soil Microbe	HDZ Loris DNA Extracts Box 4		39	HDZ-001-S231	2024-08-21	16S	1	16S1	NA	NA	PL011
HDZ-002	2023-11-01	Warble	yes	HDZ Keepers		1	1	1	HDZ-002-E2	2024-02-12	SA	Quick-DNA/RNA MagBead			NA	HDZ-002-E1	2024-02-12	SA	Quick-DNA Fecal/Soil Microbe	HDZ Loris DNA Extracts Box 1		40	HDZ-002-S93	2024-07-17	16S	1	16S1	2	2	PL005
HDZ-004	2023-10-28	Warble	yes	HDZ Keepers	Vaginal closure began	1	1	1	HDZ-004-E2	2023-11-03	SA	Quick-DNA/RNA MagBead			109	HDZ-004-E1	2023-11-03	SA	Quick-DNA Fecal/Soil Microbe	HDZ Loris DNA Extracts Box 1		55	HDZ-004-S3	2024-05-16	16S	3	16S3	8	0	PL001
HDZ-005	2023-10-27	Warble	yes	HDZ Keepers	Suspected date of conception	1	1	1	HDZ-005-E2	2023-11-03	SA	Quick-DNA/RNA MagBead			109	HDZ-005-E1	2023-11-03	SA	Quick-DNA Fecal/Soil Microbe	HDZ Loris DNA Extracts Box 1		24	HDZ-005-S11	2024-05-16	16S	11	16S11	2	2	PL001
HDZ-010	2023-10-31	Culi	yes	HDZ Keepers		1	1	1	HDZ-010-E2	2024-01-23	SA	Quick-DNA/RNA MagBead			NA	HDZ-010-E1	2024-01-10	SA	Quick-DNA Fecal/Soil Microbe	HDZ Loris DNA Extracts Box 1		11	HDZ-010-S23	2024-05-16	16S	23	16S23	4	1	PL001
HDZ-011	2023-10-29	Culi	yes	HDZ Keepers		1	1	1	HDZ-011-E2	2023-11-30	SA	Quick-DNA/RNA MagBead			108	HDZ-011-E1	2023-11-10	SA	Quick-DNA Fecal/Soil Microbe	HDZ Loris DNA Extracts Box 1		45	HDZ-011-S10	2024-05-16	16S	10	16S10	6	1	PL001
HDZ-012	2023-11-08	Culi	yes	HDZ Keepers		1	1	0	HDZ-012-E2	2024-02-16	SA	Quick-DNA/RNA MagBead			NA	HDZ-012-E1	2024-02-12	SA	Quick-DNA Fecal/Soil Microbe	HDZ Loris DNA Extracts Box 1	DNA conc lower than std	0	NA	NA	NA	NA	NA	NA	NA	NA
HDZ-013	2023-10-26	Culi	yes	HDZ Keepers		1	1	1	HDZ-013-E2	2023-11-30	SA	Quick-DNA/RNA MagBead			85	HDZ-013-E1	2023-11-10	SA	Quick-DNA Fecal/Soil Microbe	HDZ Loris DNA Extracts Box 1		42	HDZ-013-S8	2024-05-16	16S	8	16S8	2	2	PL001
HDZ-014	2023-10-27	Culi	yes	HDZ Keepers		1	1	1	HDZ-014-E2	2023-11-30	SA	Quick-DNA/RNA MagBead			109	HDZ-014-E1	2023-11-10	SA	Quick-DNA Fecal/Soil Microbe	HDZ Loris DNA Extracts Box 1		22	HDZ-014-S18	2024-05-16	16S	18	16S18	2	2	PL001
HDZ-015	2023-10-30	Warble	yes	HDZ Keepers		1	1	1	HDZ-015-E2	2023-12-10	SA	Quick-DNA/RNA MagBead			109	HDZ-015-E1	2023-11-15	SA	Quick-DNA Fecal/Soil Microbe	HDZ Loris DNA Extracts Box 1		7	HDZ-015-S28	2024-06-10	16S	5	16S5	2	2	PL002
HDZ-016	2023-11-01	Culi	yes	HDZ Keepers		1	1	1	HDZ-016-E2	2024-02-16	SA	Quick-DNA/RNA MagBead			NA	HDZ-016-E1	2024-01-17	SA/MB	Quick-DNA Fecal/Soil Microbe	HDZ Loris DNA Extracts Box 1		22	HDZ-016-S21	2024-05-16	16S	21	16S21	3	1	PL001
HDZ-018	2023-10-30	Culi	yes	HDZ Keepers		1	1	1	HDZ-018-E2	2023-12-10	SA	Quick-DNA/RNA MagBead			86	HDZ-018-E1	2023-11-15	SA	Quick-DNA Fecal/Soil Microbe	HDZ Loris DNA Extracts Box 1		9	HDZ-018-S30	2024-06-10	16S	7	16S7	6	1	PL002
HDZ-019	2023-10-29	Warble	yes	HDZ Keepers	Complete vaginal closure	1	1	1	HDZ-019-E2	2023-12-10	SA	Quick-DNA/RNA MagBead			105	HDZ-019-E1	2023-11-15	SA	Quick-DNA Fecal/Soil Microbe	HDZ Loris DNA Extracts Box 1		22	HDZ-019-S13	2024-05-16	16S	13	16S13	3	2	PL001
HDZ-020	2023-11-04	Culi	yes	HDZ Keepers		1	1	1	HDZ-020-E2	2024-01-05	SA	Quick-DNA/RNA MagBead			2	HDZ-020-E1	2024-01-10	SA	Quick-DNA Fecal/Soil Microbe	HDZ Loris DNA Extracts Box 1		15	HDZ-020-S12	2024-05-16	16S	12	16S12	2	2	PL001
HDZ-021	2023-10-28	Culi	yes	HDZ Keepers		1	1	1	HDZ-021-E2	2024-01-05	SA	Quick-DNA/RNA MagBead			1	HDZ-021-E1	2024-01-10	SA	Quick-DNA Fecal/Soil Microbe	HDZ Loris DNA Extracts Box 1		19	HDZ-021-S7	2024-05-16	16S	7	16S7	3	1	PL001
HDZ-022	2023-11-03	Culi	yes	HDZ Keepers		1	1	1	HDZ-022-E2	2024-01-05	SA	Quick-DNA/RNA MagBead			9	HDZ-022-E1	2024-01-10	SA	Quick-DNA Fecal/Soil Microbe	HDZ Loris DNA Extracts Box 1		11	HDZ-022-S31	2024-06-10	16S	8	16S8	6	1	PL002
HDZ-023	2023-11-03	Warble	yes	HDZ Keepers		1	1	1	HDZ-023-E2	2024-02-16	SA	Quick-DNA/RNA MagBead			NA	HDZ-023-E1	2024-01-17	SA/MB	Quick-DNA Fecal/Soil Microbe	HDZ Loris DNA Extracts Box 1		29	HDZ-023-S20	2024-05-16	16S	20	16S20	6	1	PL001
HDZ-024	2023-11-02	Culi	yes	HDZ Keepers		1	1	1	HDZ-024-E2	2024-02-16	SA	Quick-DNA/RNA MagBead			NA	HDZ-024-E1	2024-01-17	SA/MB	Quick-DNA Fecal/Soil Microbe	HDZ Loris DNA Extracts Box 1		23	HDZ-024-S19	2024-05-16	16S	19	16S19	9	0	PL001
HDZ-025	2023-10-31	Warble	yes	HDZ Keepers		1	1	1	HDZ-025-E2	2024-01-23	SA	Quick-DNA/RNA MagBead			NA	HDZ-025-E1	2024-01-10	SA	Quick-DNA Fecal/Soil Microbe	HDZ Loris DNA Extracts Box 1		24	HDZ-025-S17	2024-05-16	16S	17	16S17	2	2	PL001
HDZ-026	2023-11-02	Culi	yes	HDZ Keepers		1	1	1	HDZ-026-E2	2024-02-16	SA	Quick-DNA/RNA MagBead			NA	HDZ-026-E1	2024-01-17	SA/MB	Quick-DNA Fecal/Soil Microbe	HDZ Loris DNA Extracts Box 1		28	HDZ-026-S15	2024-05-16	16S	15	16S15	3	1	PL001
HDZ-027	2023-11-05	Warble	yes	HDZ Keepers		1	1	1	HDZ-027-E2	2024-01-23	SA	Quick-DNA/RNA MagBead			78	HDZ-027-E1	2024-01-10	SA	Quick-DNA Fecal/Soil Microbe	HDZ Loris DNA Extracts Box 1		11	HDZ-027-S32	2024-06-10	16S	9	16S9	4	1	PL002
HDZ-028	2023-11-05	Culi	yes	HDZ Keepers		1	1	2	HDZ-028-E2	2024-01-23	SA	Quick-DNA/RNA MagBead			109	HDZ-028-E1	2024-01-10	SA	Quick-DNA Fecal/Soil Microbe	HDZ Loris DNA Extracts Box 1		20	HDZ-028-S16	2024-05-16	16S	16	16S16	7	1	PL001
HDZ-028	2023-11-05	Culi	yes	HDZ Keepers		1	1	2	HDZ-028-E2	2024-01-23	SA	Quick-DNA/RNA MagBead			109	HDZ-028-E1	2024-01-10	SA	Quick-DNA Fecal/Soil Microbe	HDZ Loris DNA Extracts Box 1		20	HDZ-028-S36	2024-06-10	16S	13	16S13	5	1	PL002
HDZ-029	2023-11-02	Unknown	no	HDZ Keepers		1	1	1	HDZ-029-E2	2024-01-23	SA	Quick-DNA/RNA MagBead			109	HDZ-029-E1	2024-01-10	SA	Quick-DNA Fecal/Soil Microbe	HDZ Loris DNA Extracts Box 1		12	HDZ-029-S14	2024-05-16	16S	14	16S14	4	1	PL001
HDZ-030	2023-11-06	Warble	yes	HDZ Keepers		1	1	2	HDZ-030-E2	2024-02-16	SA	Quick-DNA/RNA MagBead			NA	HDZ-030-E1	2024-01-17	SA/MB	Quick-DNA Fecal/Soil Microbe	HDZ Loris DNA Extracts Box 1		21	HDZ-030-S6	2024-05-16	16S	6	16S6	7	1	PL001
HDZ-030	2023-11-06	Warble	yes	HDZ Keepers		1	1	2	HDZ-030-E2	2024-02-16	SA	Quick-DNA/RNA MagBead			NA	HDZ-030-E1	2024-01-17	SA/MB	Quick-DNA Fecal/Soil Microbe	HDZ Loris DNA Extracts Box 1		21	HDZ-030-S37	2024-06-10	16S	14	16S14	4	1	PL002
HDZ-031	2023-11-10	Warble	yes	HDZ Keepers		1	1	0	HDZ-031-E2	2024-02-16	SA	Quick-DNA/RNA MagBead			NA	HDZ-031-E1	2024-02-12	SA	Quick-DNA Fecal/Soil Microbe	HDZ Loris DNA Extracts Box 1		56	NA	NA	NA	NA	NA	NA	NA	NA
HDZ-032	2023-11-11	Culi	yes	HDZ Keepers		1	1	1	HDZ-032-E2	2024-02-16	SA	Quick-DNA/RNA MagBead			NA	HDZ-032-E1	2024-02-12	SA	Quick-DNA Fecal/Soil Microbe	HDZ Loris DNA Extracts Box 2		93	HDZ-032-S46	2024-06-10	16S	24	16S24	3	1	PL002
HDZ-033	2023-11-11	Warble	yes	HDZ Keepers		1	1	1	HDZ-033-E2	2024-03-11	MB	Quick-DNA/RNA MagBead			NA	HDZ-033-E1	2024-02-12	SA/WJ	Quick-DNA Fecal/Soil Microbe	HDZ Loris DNA Extracts Box 2		86	HDZ-033-S43	2024-06-10	16S	21	16S21	1	2	PL002
HDZ-034	2023-11-12	Warble	yes	HDZ Keepers		1	1	1	HDZ-034-E2	2024-02-16	SA	Quick-DNA/RNA MagBead			NA	HDZ-034-E1	2024-02-12	SA	Quick-DNA Fecal/Soil Microbe	HDZ Loris DNA Extracts Box 2		89	HDZ-034-S44	2024-06-10	16S	22	16S22	1	2	PL002
HDZ-035	2023-11-06	Culi	yes	HDZ Keepers		1	1	1	HDZ-035-E2	2024-02-16	SA	Quick-DNA/RNA MagBead			NA	HDZ-035-E1	2024-02-12	SA	Quick-DNA Fecal/Soil Microbe	HDZ Loris DNA Extracts Box 1		94	HDZ-035-S185	2024-08-16	16S	1	16S1	NA	NA	PL009
HDZ-036	2023-11-09	Warble	yes	HDZ Keepers		1	1	1	HDZ-036-E2	2024-04-10	MB	Quick-DNA/RNA MagBead			NA	HDZ-036-E1	2024-04-08	WJ/MB	Quick-DNA Fecal/Soil Microbe	HDZ Loris DNA Extracts Box 2		29	HDZ-036-S94	2024-07-17	16S	2	16S2	1	4	PL005
HDZ-037	2023-11-10	Culi	yes	HDZ Keepers		1	1	1	HDZ-037-E2	2024-02-16	SA	Quick-DNA/RNA MagBead			NA	HDZ-037-E1	2024-02-12	SA	Quick-DNA Fecal/Soil Microbe	HDZ Loris DNA Extracts Box 1		94	HDZ-037-S186	2024-08-16	16S	2	16S2	NA	NA	PL009
HDZ-038	2023-11-12	Culi	yes	HDZ Keepers		1	1	1	HDZ-038-E2	2024-02-16	SA	Quick-DNA/RNA MagBead			NA	HDZ-038-E1	2024-01-06	SA/WJ	Quick-DNA Fecal/Soil Microbe	HDZ Loris DNA Extracts Box 2		90	HDZ-038-S45	2024-06-10	16S	23	16S23	1	2	PL002
HDZ-039	2023-11-14	Culi	yes	HDZ Keepers		1	1	1	HDZ-039-E2	2024-01-25	MB	Quick-DNA/RNA MagBead			NA	HDZ-039-E1	2024-01-24	MB	Quick-DNA Fecal/Soil Microbe	HDZ Loris DNA Extracts Box 1		11	HDZ-039-S33	2024-06-10	16S	10	16S10	7	1	PL002
HDZ-040	2023-11-09	Culi	yes	HDZ Keepers		1	1	1	HDZ-040-E2	2024-02-16	SA	Quick-DNA/RNA MagBead			NA	HDZ-040-E1	2024-02-12	SA	Quick-DNA Fecal/Soil Microbe	HDZ Loris DNA Extracts Box 1		83	HDZ-040-S187	2024-08-16	16S	3	16S3	NA	NA	PL009
HDZ-041	2023-11-13	Warble	yes	HDZ Keepers		1	1	1	HDZ-041-E2	2024-02-16	SA	Quick-DNA/RNA MagBead			NA	HDZ-041-E1	2024-02-12	SA	Quick-DNA Fecal/Soil Microbe	HDZ Loris DNA Extracts Box 1		15	HDZ-041-S53	2024-06-12	16S	7	16S7	1	3	PL003
HDZ-042	2023-11-13	Culi	yes	HDZ Keepers		1	1	1	HDZ-042-E2	2024-02-16	SA	Quick-DNA/RNA MagBead			NA	HDZ-042-E1	2024-02-12	SA	Quick-DNA Fecal/Soil Microbe	HDZ Loris DNA Extracts Box 1		67	HDZ-042-S188	2024-08-16	16S	4	16S4	NA	NA	PL009
HDZ-043	2023-11-17	Culi	yes	HDZ Keepers		1	1	0	HDZ-043-E2	2024-01-25	MB	Quick-DNA/RNA MagBead			NA	HDZ-043-E1	2024-01-24	MB	Quick-DNA Fecal/Soil Microbe	HDZ Loris DNA Extracts Box 1		0	NA	NA	NA	NA	NA	NA	NA	NA
HDZ-044	2023-11-19	Warble	no	HDZ Keepers		1	1	1	HDZ-044-E2	2024-03-11	MB	Quick-DNA/RNA MagBead			NA	HDZ-044-E1	2024-02-12	SA/WJ	Quick-DNA Fecal/Soil Microbe	HDZ Loris DNA Extracts Box 1		97	HDZ-044-S189	2024-08-16	16S	5	16S5	NA	NA	PL009
HDZ-045	2023-11-07	Warble	yes	HDZ Keepers		1	1	1	HDZ-045-E2	2024-04-10	MB	Quick-DNA/RNA MagBead			NA	HDZ-045-E1	2024-04-08	WJ/MB	Quick-DNA Fecal/Soil Microbe	HDZ Loris DNA Extracts Box 2		7	HDZ-045-S49	2024-06-12	16S	3	16S3	1	3	PL003
HDZ-046	2023-11-14	Culi	yes	HDZ Keepers		1	1	1	HDZ-046-E2	2024-02-16	SA	Quick-DNA/RNA MagBead			NA	HDZ-046-E1	2024-01-06	SA/WJ	Quick-DNA Fecal/Soil Microbe	HDZ Loris DNA Extracts Box 1		6	HDZ-046-S48	2024-06-12	16S	2	16S2	1	6	PL003
HDZ-047	2023-11-15	Culi	yes	HDZ Keepers		1	1	1	HDZ-047-E2	2024-02-16	SA	Quick-DNA/RNA MagBead			NA	HDZ-047-E1	2024-02-12	SA	Quick-DNA Fecal/Soil Microbe	HDZ Loris DNA Extracts Box 1		94	HDZ-047-S190	2024-08-16	16S	6	16S6	NA	NA	PL009
HDZ-048	2023-11-16	Warble	yes	HDZ Keepers		1	1	0	HDZ-048-E2	2024-03-11	MB	Quick-DNA/RNA MagBead			NA	HDZ-048-E1	2024-02-29	MB	Quick-DNA Fecal/Soil Microbe	HDZ Loris DNA Extracts Box 1		0	NA	NA	NA	NA	NA	NA	NA	NA
HDZ-049	2023-11-18	Warble	no	HDZ Keepers		1	1	1	HDZ-049-E2	2024-03-11	MB	Quick-DNA/RNA MagBead			NA	HDZ-049-E1	2024-02-12	SA	Quick-DNA Fecal/Soil Microbe	HDZ Loris DNA Extracts Box 1		52	HDZ-049-E1-S346	2024-09-20	16S	1	16S1	NA	NA	PL016
HDZ-050	2023-11-08	Warble	yes	HDZ Keepers		1	1	1	HDZ-050-E2	2024-02-16	SA	Quick-DNA/RNA MagBead			NA	HDZ-050-E1	2024-02-12	SA	Quick-DNA Fecal/Soil Microbe	HDZ Loris DNA Extracts Box 1		56	HDZ-050-S232	2024-08-21	16S	2	16S2	NA	NA	PL011
HDZ-051	2023-11-14	Warble	yes	HDZ Keepers		1	1	1	HDZ-051-E2	2024-02-16	SA	Quick-DNA/RNA MagBead			NA	HDZ-051-E1	2024-01-06	SA/WJ	Quick-DNA Fecal/Soil Microbe	HDZ Loris DNA Extracts Box 1		17	HDZ-051-S54	2024-06-12	16S	8	16S8	5	1	PL003
HDZ-052	2023-11-13	Warble	yes	HDZ Keepers		1	1	1	HDZ-052-E2	2024-04-10	MB	Quick-DNA/RNA MagBead			NA	HDZ-052-E1	2024-04-08	WJ	Quick-DNA Fecal/Soil Microbe	HDZ Loris DNA Extracts Box 2		8	HDZ-052-S50	2024-06-12	16S	4	16S4	2	2	PL003
HDZ-053	2023-11-18	Culi	yes	HDZ Keepers		1	1	1	HDZ-053-E2	2024-03-11	MB	Quick-DNA/RNA MagBead			NA	HDZ-053-E1	2024-02-12	SA/WJ	Quick-DNA Fecal/Soil Microbe	HDZ Loris DNA Extracts Box 1		104	HDZ-053-S191	2024-08-16	16S	7	16S7	NA	NA	PL009
HDZ-054	2023-11-19	Culi	yes	HDZ Keepers		1	1	1	HDZ-054-E2	2024-03-11	MB	Quick-DNA/RNA MagBead			NA	HDZ-054-E1	2024-02-12	SA	Quick-DNA Fecal/Soil Microbe	HDZ Loris DNA Extracts Box 1		66	HDZ-054-S192	2024-08-16	16S	8	16S8	NA	NA	PL009
HDZ-055	NA	Unknown	no	HDZ Keepers	No date or name on tube, gathered from zoo on 12/13 (AMR)	1	0	1	NA	NA	NA	NA	NA	NA	NA	HDZ-055-E1	2024-02-25	WJ	Quick-DNA Fecal/Soil Microbe	HDZ Loris DNA Extracts Box 1		49	HDZ-055-S22	2024-05-16	16S	22	16S22	3	2	PL001
HDZ-056	2023-11-29	Culi	yes	HDZ Keepers		1	0	0	NA	NA	NA	NA	NA	NA	NA	HDZ-056-E1	2024-02-29	WJ, MB	Quick-DNA Fecal/Soil Microbe	HDZ Loris DNA Extracts Box 1	Not sure if these samples were extracted twice, but Missy extracted them on 2/29/24	0	NA	NA	NA	NA	NA	NA	NA	NA
HDZ-057	2023-11-26	Culi	yes	HDZ Keepers		1	1	1	HDZ-057-E2	2024-01-25	MB	Quick-DNA/RNA MagBead			NA	HDZ-057-E1	2024-01-24	MB	Quick-DNA Fecal/Soil Microbe	HDZ Loris DNA Extracts Box 1		77	HDZ-057-S233	2024-08-21	16S	3	16S3	NA	NA	PL011
HDZ-058	2023-11-21	Culi	yes	HDZ Keepers		1	1	1	HDZ-058-E2	2024-03-11	MB	Quick-DNA/RNA MagBead			NA	HDZ-058-E1	2024-02-12	SA	Quick-DNA Fecal/Soil Microbe	HDZ Loris DNA Extracts Box 1		25	HDZ-058-S63	2024-06-12	16S	17	16S17	4	1	PL003
HDZ-059	2023-11-20	Culi	yes	HDZ Keepers		1	1	0	HDZ-059-E2	2024-03-05	MB	Quick-DNA/RNA MagBead			NA	HDZ-059-E1	2024-02-29	MB	Quick-DNA Fecal/Soil Microbe	HDZ Loris DNA Extracts Box 1		0	NA	NA	NA	NA	NA	NA	NA	NA
HDZ-060	2023-12-15	Culi	yes	HDZ Keepers		1	1	1	HDZ-060-E2	2024-04-10	MB	Quick-DNA/RNA MagBead			NA	HDZ-060-E1	2024-04-08	WJ/MB	Quick-DNA Fecal/Soil Microbe	HDZ Loris DNA Extracts Box 2		35	HDZ-060-S80	2024-06-13	16S	11	16S11	4	1	PL004
HDZ-061	2023-11-30	Warble	yes	HDZ Keepers		1	1	0	HDZ-061-E2	2024-03-05	MB	Quick-DNA/RNA MagBead			NA	HDZ-061-E1	2024-02-29	MB	Quick-DNA Fecal/Soil Microbe	HDZ Loris DNA Extracts Box 1		0	NA	NA	NA	NA	NA	NA	NA	NA
HDZ-062	NA	Warble	yes	HDZ Keepers	No stabilizer or date on tube - added stabilizer on 12/13 in the lab (AMR)	1	0	0	NA	NA	NA	NA	NA	NA	NA	HDZ-062-E1	2024-02-29	MB	Quick-DNA Fecal/Soil Microbe	HDZ Loris DNA Extracts Box 1		0	NA	NA	NA	NA	NA	NA	NA	NA
HDZ-063	2023-11-24	Culi	yes	HDZ Keepers		1	0	1	NA	NA	NA	NA	NA	NA	NA	HDZ-063-E1	2024-02-25	WJ	Quick-DNA Fecal/Soil Microbe	HDZ Loris DNA Extracts Box 1		66	HDZ-063-S1	2024-05-16	16S	1	16S1	4	1	PL001
HDZ-064	2023-11-23	Culi	yes	HDZ Keepers		1	0	1	NA	NA	NA	NA	NA	NA	NA	HDZ-064-E1	2024-02-25	WJ	Quick-DNA Fecal/Soil Microbe	HDZ Loris DNA Extracts Box 1		90	HDZ-064-S2	2024-05-16	16S	2	16S2	3	1	PL001
HDZ-065	2023-12-03	Culi	yes	HDZ Keepers		1	0	1	NA	NA	NA	NA	NA	NA	NA	HDZ-065-E1	2024-02-25	WJ	Quick-DNA Fecal/Soil Microbe	HDZ Loris DNA Extracts Box 1		27	HDZ-065-S4	2024-05-16	16S	4	16S4	3	1	PL001
HDZ-066	2023-11-30	Culi	yes	HDZ Keepers		1	0	1	NA	NA	NA	NA	NA	NA	NA	HDZ-066-E1	2024-02-25	WJ	Quick-DNA Fecal/Soil Microbe	HDZ Loris DNA Extracts Box 1		63	HDZ-066-S5	2024-05-16	16S	5	16S5	4	1	PL001
HDZ-067	2023-11-27	Warble	no	HDZ Keepers		1	0	1	NA	NA	NA	NA	NA	NA	NA	HDZ-067-E1	2024-02-25	WJ	Quick-DNA Fecal/Soil Microbe	HDZ Loris DNA Extracts Box 1		62	HDZ-067-S9	2024-05-16	16S	9	16S9	3	1	PL001
HDZ-068	2023-11-24	Warble	yes	HDZ Keepers		1	1	1	HDZ-068-E2	2024-03-05	MB	Quick-DNA/RNA MagBead			NA	HDZ-068-E1	2024-02-29	WJ, MB	Quick-DNA Fecal/Soil Microbe	HDZ Loris DNA Extracts Box 1	Not sure if these samples were extracted twice, but Missy extracted them on 2/29/24	5	HDZ-068-S26	2024-06-10	16S	3	16S3	5	1	PL002
HDZ-069	2023-11-22	Culi	yes	HDZ Keepers		1	1	1	HDZ-069-E2	2024-01-25	MB	Quick-DNA/RNA MagBead			NA	HDZ-069-E1	2024-01-24	MB	Quick-DNA Fecal/Soil Microbe	HDZ Loris DNA Extracts Box 1		69	HDZ-069-S193	2024-08-16	16S	9	16S9	NA	NA	PL009
HDZ-070	2023-12-02	Warble	yes	HDZ Keepers		1	0	1	NA	NA	NA	NA	NA	NA	NA	HDZ-070-E1	2024-02-29	MB	Quick-DNA Fecal/Soil Microbe	HDZ Loris DNA Extracts Box 1		8	HDZ-070-S29	2024-06-10	16S	6	16S6	5	1	PL002
HDZ-071	2023-12-02	Culi	yes	HDZ Keepers		1	1	1	HDZ-071-E2	2024-01-25	MB	Quick-DNA/RNA MagBead			NA	HDZ-071-E1	2024-01-24	MB	Quick-DNA Fecal/Soil Microbe	HDZ Loris DNA Extracts Box 1		35	HDZ-071-S79	2024-06-13	16S	10	16S10	1	3	PL004
HDZ-072	2023-11-29	Warble	yes	HDZ Keepers		1	1	1	HDZ-072-E2	2024-03-05	MB	Quick-DNA/RNA MagBead			NA	HDZ-072-E1	2024-02-29	MB	Quick-DNA Fecal/Soil Microbe	HDZ Loris DNA Extracts Box 1		11	HDZ-072-S34	2024-06-10	16S	11	16S11	5	1	PL002
HDZ-073	2023-11-26	Warble	yes	HDZ Keepers		1	0	1	NA	NA	NA	NA	NA	NA	NA	HDZ-073-E1	2024-02-25	WJ	Quick-DNA Fecal/Soil Microbe	HDZ Loris DNA Extracts Box 1		59	HDZ-073-S194	2024-08-16	16S	10	16S10	NA	NA	PL009
HDZ-074	2023-11-23	Warble	yes	HDZ Keepers		1	1	0	HDZ-074-E2	2024-03-11	MB	Quick-DNA/RNA MagBead			NA	HDZ-074-E1	2024-03-06	MB	Quick-DNA Fecal/Soil Microbe	HDZ Loris DNA Extracts Box 2	DNA conc lower than std	0	NA	NA	NA	NA	NA	NA	NA	NA
HDZ-075	2023-12-01	Warble	yes	HDZ Keepers		1	1	0	HDZ-075-E2	2024-03-05	MB	Quick-DNA/RNA MagBead			NA	HDZ-075-E1	2024-02-29	WJ, MB	Quick-DNA Fecal/Soil Microbe	HDZ Loris DNA Extracts Box 1	Not sure if these samples were extracted twice, but Missy extracted them on 2/29/24	0	NA	NA	NA	NA	NA	NA	NA	NA
HDZ-076	2023-12-01	Culi	yes	HDZ Keepers		1	1	1	HDZ-076-E2	2024-03-05	MB	Quick-DNA/RNA MagBead			NA	HDZ-076-E1	2024-02-29	MB	Quick-DNA Fecal/Soil Microbe	HDZ Loris DNA Extracts Box 1		1	HDZ-076-S24	2024-06-10	16S	1	16S1	5	1	PL002
HDZ-077	2023-11-27	Culi	no	HDZ Keepers		1	1	1	HDZ-077-E2	2024-03-05	MB	Quick-DNA/RNA MagBead			NA	HDZ-077-E1	2024-02-29	MB	Quick-DNA Fecal/Soil Microbe	HDZ Loris DNA Extracts Box 2		28	HDZ-077-S38	2024-06-10	16S	16	16S16	1	5	PL002
HDZ-078	2023-11-23	Culi	yes	HDZ Keepers		1	1	1	HDZ-078-E2	2024-03-05	MB	Quick-DNA/RNA MagBead			NA	HDZ-078-E1	2024-02-29	MB	Quick-DNA Fecal/Soil Microbe	HDZ Loris DNA Extracts Box 1		6	HDZ-078-S27	2024-06-10	16S	4	16S4	6	1	PL002
HDZ-079	2023-11-22	Warble	yes	HDZ Keepers		1	1	1	HDZ-079-E2	2024-03-05	MB	Quick-DNA/RNA MagBead			NA	HDZ-079-E1	2024-02-29	MB	Quick-DNA Fecal/Soil Microbe	HDZ Loris DNA Extracts Box 1		1	HDZ-079-S25	2024-06-10	16S	2	16S2	4	1	PL002
HDZ-080	2024-01-02	Culi	yes	HDZ Keepers		1	1	0	HDZ-080-E2	2024-03-11	MB	Quick-DNA/RNA MagBead			NA	HDZ-080-E1	2024-03-06	MB	Quick-DNA Fecal/Soil Microbe	HDZ Loris DNA Extracts Box 2	DNA conc lower than std	0	NA	NA	NA	NA	NA	NA	NA	NA
HDZ-081	2023-12-31	Culi	yes	HDZ Keepers		1	1	1	HDZ-081-E2	2024-03-11	MB	Quick-DNA/RNA MagBead			NA	HDZ-081-E1	2024-03-06	MB	Quick-DNA Fecal/Soil Microbe	HDZ Loris DNA Extracts Box 2		65	HDZ-081-S40	2024-06-10	16S	18	16S18	1	2	PL002
HDZ-082	2023-12-29	Warble	yes	HDZ Keepers		1	1	1	HDZ-082-E2	2024-03-11	MB	Quick-DNA/RNA MagBead			NA	HDZ-082-E1	2024-03-06	MB	Quick-DNA Fecal/Soil Microbe	HDZ Loris DNA Extracts Box 2		79	HDZ-082-S41	2024-06-10	16S	19	16S19	1	2	PL002
HDZ-083	2023-12-26	Warble	yes	HDZ Keepers		1	1	1	HDZ-083-E2	2024-03-11	MB	Quick-DNA/RNA MagBead			NA	HDZ-083-E1	2024-03-06	MB	Quick-DNA Fecal/Soil Microbe	HDZ Loris DNA Extracts Box 2		56	HDZ-083-S39	2024-06-10	16S	17	16S17	1	7	PL002
HDZ-084	2023-12-21	Culi	yes	HDZ Keepers		1	1	1	HDZ-084-E2	2024-03-11	MB	Quick-DNA/RNA MagBead			NA	HDZ-084-E1	2024-03-06	MB	Quick-DNA Fecal/Soil Microbe	HDZ Loris DNA Extracts Box 2		11	HDZ-084-S35	2024-06-10	16S	12	16S12	5	1	PL002
HDZ-085	2024-01-01	Culi	yes	HDZ Keepers		1	1	1	HDZ-085-E2	2024-03-11	MB	Quick-DNA/RNA MagBead			NA	HDZ-085-E1	2024-03-06	MB	Quick-DNA Fecal/Soil Microbe	HDZ Loris DNA Extracts Box 2		94	HDZ-085-S92	2024-06-13	16S	23	16S23	4	1	PL004
HDZ-086	2023-12-30	Culi	yes	HDZ Keepers		1	1	1	HDZ-086-E2	2024-03-11	MB	Quick-DNA/RNA MagBead			NA	HDZ-086-E1	2024-03-06	MB	Quick-DNA Fecal/Soil Microbe	HDZ Loris DNA Extracts Box 2		83	HDZ-086-S42	2024-06-10	16S	20	16S20	2	2	PL002
HDZ-087	2023-12-29	Culi	yes	HDZ Keepers		1	1	1	HDZ-087-E2	2024-03-27	MB	Quick-DNA/RNA MagBead			NA	HDZ-087-E1	2024-04-03	WJ	Quick-DNA Fecal/Soil Microbe	HDZ Loris DNA Extracts Box 2		34	HDZ-087-S78	2024-06-13	16S	9	16S9	4	1	PL004
HDZ-088	2023-12-26	Culi	yes	HDZ Keepers		1	1	1	HDZ-088-E2	2024-03-27	MB	Quick-DNA/RNA MagBead			NA	HDZ-088-E1	2024-04-03	WJ	Quick-DNA Fecal/Soil Microbe	HDZ Loris DNA Extracts Box 2		46	HDZ-088-S234	2024-08-21	16S	4	16S4	NA	NA	PL011
HDZ-089	2023-12-24	Culi	yes	HDZ Keepers		1	1	1	HDZ-089-E2	2024-03-27	MB	Quick-DNA/RNA MagBead			NA	HDZ-089-E1	2024-04-03	WJ	Quick-DNA Fecal/Soil Microbe	HDZ Loris DNA Extracts Box 1		25	HDZ-089-S64	2024-06-12	16S	18	16S18	7	1	PL003
HDZ-090	2023-12-30	Warble	yes	HDZ Keepers	Almost no stabilizer in the tube	1	1	1	HDZ-090-E2	2024-03-27	MB	Quick-DNA/RNA MagBead			NA	HDZ-090-E1	2024-04-03	WJ	Quick-DNA Fecal/Soil Microbe	HDZ Loris DNA Extracts Box 2		56	HDZ-090-S235	2024-08-21	16S	5	16S5	NA	NA	PL011
HDZ-091	2023-12-28	Culi	yes	HDZ Keepers		1	1	1	HDZ-091-E2	2024-03-27	MB	Quick-DNA/RNA MagBead			NA	HDZ-091-E1	2024-04-03	WJ	Quick-DNA Fecal/Soil Microbe	HDZ Loris DNA Extracts Box 2		52	HDZ-091-S236	2024-08-21	16S	6	16S6	NA	NA	PL011
HDZ-092	2023-12-25	Warble	yes	HDZ Keepers		1	1	1	HDZ-092-E2	2024-03-27	MB	Quick-DNA/RNA MagBead			NA	HDZ-092-E1	2024-04-03	WJ	Quick-DNA Fecal/Soil Microbe	HDZ Loris DNA Extracts Box 2		44	HDZ-092-S237	2024-08-21	16S	7	16S7	NA	NA	PL011
HDZ-093	2023-12-23	Warble	yes	HDZ Keepers		1	1	1	HDZ-093-E2	2024-03-27	MB	Quick-DNA/RNA MagBead			NA	HDZ-093-E1	2024-04-03	WJ	Quick-DNA Fecal/Soil Microbe	HDZ Loris DNA Extracts Box 1		25	HDZ-093-S65	2024-06-12	16S	19	16S19	2	2	PL003
HDZ-094	2023-11-20	Culi	yes	HDZ Keepers		1	1	1	HDZ-094-E2	2024-03-27	MB	Quick-DNA/RNA MagBead			NA	HDZ-094-E1	2024-04-04	MB	Quick-DNA Fecal/Soil Microbe	HDZ Loris DNA Extracts Box 2		25	HDZ-094-S66	2024-06-12	16S	20	16S20	1	3	PL003
HDZ-095	2023-10-26	Warble	yes	HDZ Keepers		1	0	1	NA	NA	NA	NA	NA	NA	NA	HDZ-095-E1	2024-08-26	SA	Quick-DNA Fecal/Soil Microbe	HDZ Loris DNA Extracts Box 6		27	HDZ-095-S300	2024-09-06	16S	1	16S1	NA	NA	PL014
HDZ-096	2023-12-27	Warble	yes	HDZ Keepers		1	1	1	HDZ-096-E2	2024-03-27	MB	Quick-DNA/RNA MagBead			NA	HDZ-096-E1	2024-04-04	MB	Quick-DNA Fecal/Soil Microbe	HDZ Loris DNA Extracts Box 2		41	HDZ-096-S95	2024-07-17	16S	3	16S3	2	2	PL005
HDZ-097	2023-12-25	Culi	yes	HDZ Keepers		1	1	1	HDZ-097-E2	2024-03-27	MB	Quick-DNA/RNA MagBead			NA	HDZ-097-E1	2024-04-04	MB	Quick-DNA Fecal/Soil Microbe	HDZ Loris DNA Extracts Box 2		83	HDZ-097-S91	2024-06-13	16S	22	16S22	6	1	PL004
HDZ-098	2023-12-22	Culi	yes	HDZ Keepers		1	1	1	HDZ-098-E2	2024-03-27	MB	Quick-DNA/RNA MagBead			NA	HDZ-098-E1	2024-04-04	MB	Quick-DNA Fecal/Soil Microbe	HDZ Loris DNA Extracts Box 2		47	HDZ-098-S238	2024-08-21	16S	8	16S8	NA	NA	PL011
HDZ-099	2023-12-21	Warble	yes	HDZ Keepers		1	1	1	HDZ-099-E2	2024-03-27	MB	Quick-DNA/RNA MagBead			NA	HDZ-099-E1	2024-04-04	MB	Quick-DNA Fecal/Soil Microbe	HDZ Loris DNA Extracts Box 2		32	HDZ-099-S72	2024-06-13	16S	3	16S3	5	1	PL004
HDZ-101	2023-12-24	Warble	yes	HDZ Keepers	Very little stabilizer in the tube	1	1	1	HDZ-101-E2	2024-03-27	MB	Quick-DNA/RNA MagBead			NA	HDZ-101-E1	2024-04-04	MB	Quick-DNA Fecal/Soil Microbe	HDZ Loris DNA Extracts Box 2		20	HDZ-101-S57	2024-06-12	16S	11	16S11	1	5	PL003
HDZ-102	2023-12-23	Culi	no	HDZ Keepers		1	1	1	HDZ-102-E2	2024-03-27	MB	Quick-DNA/RNA MagBead			NA	HDZ-102-E1	2024-04-04	MB	Quick-DNA Fecal/Soil Microbe	HDZ Loris DNA Extracts Box 2		32	HDZ-102-S96	2024-07-17	16S	4	16S4	1	3	PL005
HDZ-103	2023-12-22	Warble	yes	HDZ Keepers		1	1	1	HDZ-103-E2	2024-03-27	MB	Quick-DNA/RNA MagBead			NA	HDZ-103-E1	2024-04-04	MB	Quick-DNA Fecal/Soil Microbe	HDZ Loris DNA Extracts Box 2		46	HDZ-103-S239	2024-08-21	16S	9	16S9	NA	NA	PL011
HDZ-104	2023-11-20	Warble	yes	HDZ Keepers		1	1	1	HDZ-104-E2	2024-04-10	MB	Quick-DNA/RNA MagBead			NA	HDZ-104-E1	2024-04-08	WJ	Quick-DNA Fecal/Soil Microbe	HDZ Loris DNA Extracts Box 2		26	HDZ-104-S69	2024-06-12	16S	23	16S23	3	2	PL003
HDZ-105	2023-12-28	Warble	yes	HDZ Keepers		1	1	1	HDZ-105-E2	2024-04-10	MB	Quick-DNA/RNA MagBead			NA	HDZ-105-E1	2024-04-08	WJ	Quick-DNA Fecal/Soil Microbe	HDZ Loris DNA Extracts Box 2		39	HDZ-105-S97	2024-07-17	16S	5	16S5	1	5	PL005
HDZ-106	2024-01-01	Warble	yes	HDZ Keepers		1	1	1	HDZ-106-E2	2024-04-10	MB	Quick-DNA/RNA MagBead			NA	HDZ-106-E1	2024-04-08	WJ	Quick-DNA Fecal/Soil Microbe	HDZ Loris DNA Extracts Box 2		40	HDZ-106-S83	2024-06-13	16S	14	16S14	5	1	PL004
HDZ-107	2024-01-02	Warble	yes	HDZ Keepers		1	1	1	HDZ-107-E2	2024-04-10	MB	Quick-DNA/RNA MagBead			NA	HDZ-107-E1	2024-04-08	WJ	Quick-DNA Fecal/Soil Microbe	HDZ Loris DNA Extracts Box 2		17	HDZ-107-S55	2024-06-12	16S	9	16S9	5	1	PL003
HDZ-108	2023-12-27	Culi	yes	HDZ Keepers		1	1	1	HDZ-108-E2	2024-04-10	MB	Quick-DNA/RNA MagBead			NA	HDZ-108-E1	2024-04-08	WJ	Quick-DNA Fecal/Soil Microbe	HDZ Loris DNA Extracts Box 2		21	HDZ-108-S60	2024-06-12	16S	14	16S14	4	1	PL003
HDZ-109	2023-12-31	Warble	yes	HDZ Keepers		1	1	1	HDZ-109-E2	2024-04-10	MB	Quick-DNA/RNA MagBead			NA	HDZ-109-E1	2024-04-08	WJ	Quick-DNA Fecal/Soil Microbe	HDZ Loris DNA Extracts Box 2		43	HDZ-109-S240	2024-08-21	16S	10	16S10	NA	NA	PL011
HDZ-155	2023-12-15	Warble	yes	HDZ Keepers		1	0	1	NA	NA	NA	NA	NA	NA	NA	HDZ-155-E1	2024-04-09	MB	Quick-DNA Fecal/Soil Microbe	HDZ Loris DNA Extracts Box 2		25	HDZ-155-S67	2024-06-12	16S	21	16S21	2	2	PL003
HDZ-156	2023-12-15	Culi	yes	HDZ Keepers		1	0	1	NA	NA	NA	NA	NA	NA	NA	HDZ-156-E1	2024-04-09	MB	Quick-DNA Fecal/Soil Microbe	HDZ Loris DNA Extracts Box 2		25	HDZ-156-S68	2024-06-12	16S	22	16S22	2	2	PL003
HDZ-157	2023-12-14	Warble	yes	HDZ Keepers		1	0	1	NA	NA	NA	NA	NA	NA	NA	HDZ-157-E1	2024-04-09	MB	Quick-DNA Fecal/Soil Microbe	HDZ Loris DNA Extracts Box 2		57	HDZ-157-S241	2024-08-21	16S	11	16S11	NA	NA	PL011
HDZ-158	2024-07-16	Warble	no	HDZ Keepers		1	0	1	NA	NA	NA	NA	NA	NA	NA	HDZ-158-E1	2024-08-27	ZE	Quick-DNA Fecal/Soil Microbe	HDZ Loris DNA Extracts Box 6		39	HDZ-158-S301	2024-09-06	16S	2	16S2	NA	NA	PL014
HDZ-159	2024-07-02	Warble	yes	HDZ Keepers		1	0	1	NA	NA	NA	NA	NA	NA	NA	HDZ-159-E1	2024-08-27	ZE	Quick-DNA Fecal/Soil Microbe	HDZ Loris DNA Extracts Box 6		22	HDZ-159-S302	2024-09-06	16S	3	16S3	NA	NA	PL014
HDZ-160	2024-06-10	Warble	yes	HDZ Keepers		1	0	1	NA	NA	NA	NA	NA	NA	NA	HDZ-160-E1	2024-07-26	SA	Quick-DNA Fecal/Soil Microbe	HDZ Loris DNA Extracts Box 4		45	HDZ-160-S242	2024-08-21	16S	12	16S12	NA	NA	PL011
HDZ-161	2023-12-16	Warble	yes	HDZ Keepers		1	0	1	NA	NA	NA	NA	NA	NA	NA	HDZ-161-E1	2024-04-09	MB	Quick-DNA Fecal/Soil Microbe	HDZ Loris DNA Extracts Box 2		34	HDZ-161-S77	2024-06-13	16S	8	16S8	2	2	PL004
HDZ-162	2023-12-17	Warble	yes	HDZ Keepers		1	0	1	NA	NA	NA	NA	NA	NA	NA	HDZ-162-E1	2024-04-09	MB	Quick-DNA Fecal/Soil Microbe	HDZ Loris DNA Extracts Box 2		41	HDZ-162-S243	2024-08-21	16S	13	16S13	NA	NA	PL011
HDZ-163	2023-12-19	Culi	yes	HDZ Keepers		1	0	1	NA	NA	NA	NA	NA	NA	NA	HDZ-163-E1	2024-04-09	MB	Quick-DNA Fecal/Soil Microbe	HDZ Loris DNA Extracts Box 2		40	HDZ-163-S82	2024-06-13	16S	13	16S13	4	1	PL004
HDZ-164	2024-06-13	Warble	yes	HDZ Keepers		1	0	1	NA	NA	NA	NA	NA	NA	NA	HDZ-164-E1	2024-07-26	SA	Quick-DNA Fecal/Soil Microbe	HDZ Loris DNA Extracts Box 4		18	HDZ-164-S195	2024-08-16	16S	11	16S11	NA	NA	PL009
HDZ-165	2024-05-14	Warble	yes	HDZ Keepers		1	0	1	NA	NA	NA	NA	NA	NA	NA	HDZ-165-E1	2024-07-26	SA	Quick-DNA Fecal/Soil Microbe	HDZ Loris DNA Extracts Box 4		22	HDZ-165-S196	2024-08-16	16S	12	16S12	NA	NA	PL009
HDZ-166	2024-05-14	Culi	yes	HDZ Keepers		1	0	1	NA	NA	NA	NA	NA	NA	NA	HDZ-166-E1	2024-07-26	SA	Quick-DNA Fecal/Soil Microbe	HDZ Loris DNA Extracts Box 4		9	HDZ-166-S197	2024-08-16	16S	13	16S13	NA	NA	PL009
HDZ-167	2023-12-14	Culi	yes	HDZ Keepers		1	0	1	NA	NA	NA	NA	NA	NA	NA	HDZ-167-E1	2024-04-09	MB	Quick-DNA Fecal/Soil Microbe	HDZ Loris DNA Extracts Box 2		75	HDZ-167-S198	2024-08-16	16S	14	16S14	NA	NA	PL009
HDZ-168	2023-12-17	Culi	yes	HDZ Keepers		1	0	1	NA	NA	NA	NA	NA	NA	NA	HDZ-168-E1	2024-04-09	MB	Quick-DNA Fecal/Soil Microbe	HDZ Loris DNA Extracts Box 2		20	HDZ-168-S58	2024-06-12	16S	12	16S12	2	2	PL003
HDZ-169	2023-12-18	Culi	yes	HDZ Keepers		1	0	1	NA	NA	NA	NA	NA	NA	NA	HDZ-169-E1	2024-04-09	MB	Quick-DNA Fecal/Soil Microbe	HDZ Loris DNA Extracts Box 2		45	HDZ-169-S244	2024-08-21	16S	14	16S14	NA	NA	PL011
HDZ-170	2023-12-18	Warble	yes	HDZ Keepers		1	0	1	NA	NA	NA	NA	NA	NA	NA	HDZ-170-E1	2024-04-09	MB	Quick-DNA Fecal/Soil Microbe	HDZ Loris DNA Extracts Box 2		46	HDZ-170-S245	2024-08-21	16S	15	16S15	NA	NA	PL011
HDZ-171	2024-06-28	Warble	yes	HDZ Keepers		1	0	1	NA	NA	NA	NA	NA	NA	NA	HDZ-171-E1	2024-08-27	ZE	Quick-DNA Fecal/Soil Microbe	HDZ Loris DNA Extracts Box 6		32	HDZ-171-S303	2024-09-06	16S	4	16S4	NA	NA	PL014
HDZ-172	2024-06-29	Warble	yes	HDZ Keepers		1	0	1	NA	NA	NA	NA	NA	NA	NA	HDZ-172-E1	2024-08-27	ZE	Quick-DNA Fecal/Soil Microbe	HDZ Loris DNA Extracts Box 6		76	HDZ-172-S304	2024-09-06	16S	5	16S5	NA	NA	PL014
HDZ-173	2023-12-14	Warble	yes	HDZ Keepers		1	0	1	NA	NA	NA	NA	NA	NA	NA	HDZ-173-E1	2024-04-09	MB	Quick-DNA Fecal/Soil Microbe	HDZ Loris DNA Extracts Box 2		53	HDZ-173-S246	2024-08-21	16S	16	16S16	NA	NA	PL011
HDZ-174	2023-12-16	Culi	yes	HDZ Keepers		1	0	1	NA	NA	NA	NA	NA	NA	NA	HDZ-174-E1	2024-04-09	MB	Quick-DNA Fecal/Soil Microbe	HDZ Loris DNA Extracts Box 2		52	HDZ-174-S247	2024-08-21	16S	17	16S17	NA	NA	PL011
HDZ-175	2023-12-13	Culi	yes	HDZ Keepers		1	0	1	NA	NA	NA	NA	NA	NA	NA	HDZ-175-E1	2024-04-15	MB	Quick-DNA Fecal/Soil Microbe	HDZ Loris DNA Extracts Box 2		22	HDZ-175-S61	2024-06-12	16S	15	16S15	2	2	PL003
HDZ-176	2023-12-09	Culi	yes	HDZ Keepers		1	0	1	NA	NA	NA	NA	NA	NA	NA	HDZ-176-E1	2024-04-15	MB	Quick-DNA Fecal/Soil Microbe	HDZ Loris DNA Extracts Box 2		8	HDZ-176-S51	2024-06-12	16S	5	16S5	1	4	PL003
HDZ-177	2023-12-13	Warble	yes	HDZ Keepers		1	0	1	NA	NA	NA	NA	NA	NA	NA	HDZ-177-E1	2024-04-15	MB	Quick-DNA Fecal/Soil Microbe	HDZ Loris DNA Extracts Box 2		5	HDZ-177-S47	2024-06-12	16S	1	16S1	3	2	PL003
HDZ-178	2024-06-20	Warble	yes	HDZ Keepers		1	0	1	NA	NA	NA	NA	NA	NA	NA	HDZ-178-E1	2024-07-26	SA	Quick-DNA Fecal/Soil Microbe	HDZ Loris DNA Extracts Box 4		60	HDZ-178-S199	2024-08-16	16S	15	16S15	NA	NA	PL009
HDZ-179	2023-12-11	Culi	yes	HDZ Keepers		1	0	1	NA	NA	NA	NA	NA	NA	NA	HDZ-179-E1	2024-04-15	MB	Quick-DNA Fecal/Soil Microbe	HDZ Loris DNA Extracts Box 2		32	HDZ-179-S98	2024-07-17	16S	6	16S6	1	5	PL005
HDZ-180	2023-12-12	Culi	yes	HDZ Keepers		1	0	1	NA	NA	NA	NA	NA	NA	NA	HDZ-180-E1	2024-04-15	MB	Quick-DNA Fecal/Soil Microbe	HDZ Loris DNA Extracts Box 2		26	HDZ-180-S99	2024-07-17	16S	7	16S7	1	3	PL005
HDZ-181	2023-12-10	Culi	yes	HDZ Keepers		1	0	1	NA	NA	NA	NA	NA	NA	NA	HDZ-181-E1	2024-04-15	MB	Quick-DNA Fecal/Soil Microbe	HDZ Loris DNA Extracts Box 2		33	HDZ-181-S74	2024-06-13	16S	5	16S5	1	3	PL004
HDZ-182	2023-12-08	Culi	yes	HDZ Keepers		1	0	1	NA	NA	NA	NA	NA	NA	NA	HDZ-182-E1	2024-04-15	MB	Quick-DNA Fecal/Soil Microbe	HDZ Loris DNA Extracts Box 2		13	HDZ-182-S52	2024-06-12	16S	6	16S6	1	4	PL003
HDZ-183	2023-12-07	Warble	yes	HDZ Keepers		1	0	1	NA	NA	NA	NA	NA	NA	NA	HDZ-183-E1	2024-04-15	MB	Quick-DNA Fecal/Soil Microbe	HDZ Loris DNA Extracts Box 2		41	HDZ-183-S84	2024-06-13	16S	15	16S15	4	1	PL004
HDZ-184	2023-12-07	Culi	yes	HDZ Keepers		1	0	1	NA	NA	NA	NA	NA	NA	NA	HDZ-184-E1	2024-04-15	MB	Quick-DNA Fecal/Soil Microbe	HDZ Loris DNA Extracts Box 2		53	HDZ-184-S248	2024-08-21	16S	18	16S18	NA	NA	PL011
HDZ-185	2023-12-09	Warble	yes	HDZ Keepers		0	0	0	NA	NA	NA	NA	NA	NA	NA	NA	NA	NA	NA	NA	NA	NA	NA	NA	NA	NA	NA	NA	NA	NA
HDZ-186	2023-12-06	Warble	yes	HDZ Keepers		1	0	1	NA	NA	NA	NA	NA	NA	NA	HDZ-186-E1	2024-04-15	MB	Quick-DNA Fecal/Soil Microbe	HDZ Loris DNA Extracts Box 2		33	HDZ-186-S73	2024-06-13	16S	4	16S4	3	1	PL004
HDZ-187	2023-12-06	Culi	yes	HDZ Keepers		1	0	1	NA	NA	NA	NA	NA	NA	NA	HDZ-187-E1	2024-04-15	MB	Quick-DNA Fecal/Soil Microbe	HDZ Loris DNA Extracts Box 2		32	HDZ-187-S71	2024-06-13	16S	2	16S2	2	2	PL004
HDZ-188	2023-12-05	Warble	yes	HDZ Keepers		1	0	1	NA	NA	NA	NA	NA	NA	NA	HDZ-188-E1	2024-04-15	MB	Quick-DNA Fecal/Soil Microbe	HDZ Loris DNA Extracts Box 2		24	HDZ-188-S62	2024-06-12	16S	16	16S16	2	2	PL003
HDZ-189	2024-06-06	Warble	yes	HDZ Keepers		1	0	1	NA	NA	NA	NA	NA	NA	NA	HDZ-189-E1	2024-07-26	SA	Quick-DNA Fecal/Soil Microbe	HDZ Loris DNA Extracts Box 4		68	HDZ-189-S200	2024-08-16	16S	16	16S16	NA	NA	PL009
HDZ-190	2024-01-06	Culi	yes	HDZ Keepers		1	0	1	NA	NA	NA	NA	NA	NA	NA	HDZ-190-E1	2024-04-15	MB	Quick-DNA Fecal/Soil Microbe	HDZ Loris DNA Extracts Box 2		20	HDZ-190-S59	2024-06-12	16S	13	16S13	4	1	PL003
HDZ-191	2024-01-07	Warble	yes	HDZ Keepers	Tests indicate Warble is not pregnant, no metaboilte evidence of conception	1	0	1	NA	NA	NA	NA	NA	NA	NA	HDZ-191-E1	2024-04-15	MB	Quick-DNA Fecal/Soil Microbe	HDZ Loris DNA Extracts Box 2		18	HDZ-191-S56	2024-06-12	16S	10	16S10	2	3	PL003
HDZ-192	2024-01-07	Culi	yes	HDZ Keepers		1	0	1	NA	NA	NA	NA	NA	NA	NA	HDZ-192-E1	2024-04-15	MB	Quick-DNA Fecal/Soil Microbe	HDZ Loris DNA Extracts Box 2		33	HDZ-192-S75	2024-06-13	16S	6	16S6	3	1	PL004
HDZ-193	2024-01-06	Warble	yes	HDZ Keepers		1	0	1	NA	NA	NA	NA	NA	NA	NA	HDZ-193-E1	2024-05-20	SA	Quick-DNA Fecal/Soil Microbe	HDZ Loris DNA Extracts Box 3		26	HDZ-193-S70	2024-06-13	16S	1	16S1	3	2	PL004
HDZ-194	2024-02-02	Warble	yes	HDZ Keepers		1	0	1	NA	NA	NA	NA	NA	NA	NA	HDZ-194-E1	2024-05-20	SA	Quick-DNA Fecal/Soil Microbe	HDZ Loris DNA Extracts Box 3		53	HDZ-194-S87	2024-06-13	16S	18	16S18	2	2	PL004
HDZ-195	2023-12-09	Warble	yes	HDZ Keepers		1	0	1	NA	NA	NA	NA	NA	NA	NA	HDZ-195-E1	2024-05-20	SA	Quick-DNA Fecal/Soil Microbe	HDZ Loris DNA Extracts Box 3		61	HDZ-195-S201	2024-08-16	16S	17	16S17	NA	NA	PL009
HDZ-196	2024-02-05	Culi	yes	HDZ Keepers		1	0	1	NA	NA	NA	NA	NA	NA	NA	HDZ-196-E1	2024-05-20	SA	Quick-DNA Fecal/Soil Microbe	HDZ Loris DNA Extracts Box 3		33	HDZ-196-S76	2024-06-13	16S	7	16S7	3	2	PL004
HDZ-197	2024-02-04	Culi	yes	HDZ Keepers		1	0	1	NA	NA	NA	NA	NA	NA	NA	HDZ-197-E1	2024-05-20	SA	Quick-DNA Fecal/Soil Microbe	HDZ Loris DNA Extracts Box 3		58	HDZ-197-S202	2024-08-16	16S	18	16S18	NA	NA	PL009
HDZ-198	2024-02-08	Culi	yes	HDZ Keepers		1	0	1	NA	NA	NA	NA	NA	NA	NA	HDZ-198-E1	2024-05-20	SA	Quick-DNA Fecal/Soil Microbe	HDZ Loris DNA Extracts Box 3		70	HDZ-198-S88	2024-06-13	16S	19	16S19	2	2	PL004
HDZ-199	2024-02-06	Warble	yes	HDZ Keepers		1	0	1	NA	NA	NA	NA	NA	NA	NA	HDZ-199-E1	2024-05-20	SA	Quick-DNA Fecal/Soil Microbe	HDZ Loris DNA Extracts Box 3		52	HDZ-199-S86	2024-06-13	16S	17	16S17	2	2	PL004
HDZ-200	2024-02-03	Warble	yes	HDZ Keepers		1	0	1	NA	NA	NA	NA	NA	NA	NA	HDZ-200-E1	2024-05-30	SA/ZE	Quick-DNA Fecal/Soil Microbe	HDZ Loris DNA Extracts Box 3		36	HDZ-200-S100	2024-07-17	16S	8	16S8	2	2	PL005
HDZ-201	2024-02-03	Culi	yes	HDZ Keepers		1	0	1	NA	NA	NA	NA	NA	NA	NA	HDZ-201-E1	2024-05-30	SA/ZE	Quick-DNA Fecal/Soil Microbe	HDZ Loris DNA Extracts Box 3		100	HDZ-201-E1-S347	2024-09-20	16S	2	16S2	NA	NA	PL016
HDZ-202	2024-01-27	Culi	yes	HDZ Keepers		1	0	1	NA	NA	NA	NA	NA	NA	NA	HDZ-202-E1	2024-05-30	SA/ZE	Quick-DNA Fecal/Soil Microbe	HDZ Loris DNA Extracts Box 3		100	HDZ-202-E1-S348	2024-09-20	16S	3	16S3	NA	NA	PL016
HDZ-203	2024-01-26	Culi	yes	HDZ Keepers		1	0	1	NA	NA	NA	NA	NA	NA	NA	HDZ-203-E1	2024-06-13	AS	Quick-DNA Fecal/Soil Microbe	HDZ Loris DNA Extracts Box 3		70	HDZ-203-S203	2024-08-16	16S	19	16S19	NA	NA	PL009
HDZ-204	2024-01-29	Culi	yes	HDZ Keepers		1	0	1	NA	NA	NA	NA	NA	NA	NA	HDZ-204-E1	2024-06-13	AS	Quick-DNA Fecal/Soil Microbe	HDZ Loris DNA Extracts Box 3		43	HDZ-204-S249	2024-08-21	16S	19	16S19	NA	NA	PL011
HDZ-205	2024-01-29	Warble	yes	HDZ Keepers		1	0	1	NA	NA	NA	NA	NA	NA	NA	HDZ-205-E1	2024-06-13	AS	Quick-DNA Fecal/Soil Microbe	HDZ Loris DNA Extracts Box 3		21	HDZ-205-S101	2024-07-17	16S	9	16S9	4	1	PL005
HDZ-206	2024-01-30	Unknown	no	HDZ Keepers		1	0	1	NA	NA	NA	NA	NA	NA	NA	HDZ-206-E1	2024-06-13	AS	Quick-DNA Fecal/Soil Microbe	HDZ Loris DNA Extracts Box 3		48	HDZ-206-S139	2024-07-22	16S	1	16S1	NA	NA	PL007
HDZ-207	2024-01-27	Warble	yes	HDZ Keepers		1	0	1	NA	NA	NA	NA	NA	NA	NA	HDZ-207-E1	2024-06-13	AS	Quick-DNA Fecal/Soil Microbe	HDZ Loris DNA Extracts Box 3		12	HDZ-207-S102	2024-07-17	16S	10	16S10	3	1	PL005
HDZ-208	2024-01-30	Warble	yes	HDZ Keepers		1	0	1	NA	NA	NA	NA	NA	NA	NA	HDZ-208-E1	2024-06-13	AS	Quick-DNA Fecal/Soil Microbe	HDZ Loris DNA Extracts Box 3		11	HDZ-208-S103	2024-07-17	16S	11	16S11	4	1	PL005
HDZ-209	2024-01-26	Warble	yes	HDZ Keepers		1	0	1	NA	NA	NA	NA	NA	NA	NA	HDZ-209-E1	2024-06-06	AS	Quick-DNA Fecal/Soil Microbe	HDZ Loris DNA Extracts Box 3		40	HDZ-209-S104	2024-07-17	16S	12	16S12	1	3	PL005
HDZ-210	2024-03-14	Warble	yes	HDZ Keepers		1	0	1	NA	NA	NA	NA	NA	NA	NA	HDZ-210-E1	2024-06-06	AS	Quick-DNA Fecal/Soil Microbe	HDZ Loris DNA Extracts Box 3		38	HDZ-210-S105	2024-07-17	16S	13	16S13	2	2	PL005
HDZ-211	2024-03-22	Culi	yes	HDZ Keepers		1	0	1	NA	NA	NA	NA	NA	NA	NA	HDZ-211-E1	2024-06-06	AS	Quick-DNA Fecal/Soil Microbe	HDZ Loris DNA Extracts Box 3		24	HDZ-211-S106	2024-07-17	16S	14	16S14	1	4	PL005
HDZ-212	2024-03-27	Warble	yes	HDZ Keepers		1	0	1	NA	NA	NA	NA	NA	NA	NA	HDZ-212-E1	2024-06-06	AS	Quick-DNA Fecal/Soil Microbe	HDZ Loris DNA Extracts Box 3		42	HDZ-212-S250	2024-08-21	16S	20	16S20	NA	NA	PL011
HDZ-213	2024-03-31	Unknown	no	HDZ Keepers		1	0	1	NA	NA	NA	NA	NA	NA	NA	HDZ-213-E1	2024-06-14	AS	Quick-DNA Fecal/Soil Microbe	HDZ Loris DNA Extracts Box 3		31	HDZ-213-S107	2024-07-17	16S	15	16S15	1	3	PL005
HDZ-214	2024-06-02	Warble	yes	HDZ Keepers		1	0	1	NA	NA	NA	NA	NA	NA	NA	HDZ-214-E1	2024-07-26	SA	Quick-DNA Fecal/Soil Microbe	HDZ Loris DNA Extracts Box 4		43	HDZ-214-S251	2024-08-21	16S	21	16S21	NA	NA	PL011
HDZ-215	2024-03-27	Culi	yes	HDZ Keepers		1	0	1	NA	NA	NA	NA	NA	NA	NA	HDZ-215-E1	2024-06-14	AS	Quick-DNA Fecal/Soil Microbe	HDZ Loris DNA Extracts Box 3		11	HDZ-215-S108	2024-07-17	16S	16	16S16	1	3	PL005
HDZ-216	2024-03-29	Warble	yes	HDZ Keepers		0	0	0	NA	NA	NA	NA	NA	NA	NA	NA	NA	NA	NA	NA	NA	NA	NA	NA	NA	NA	NA	NA	NA	NA
HDZ-217	2024-03-26	Warble	yes	HDZ Keepers		1	0	1	NA	NA	NA	NA	NA	NA	NA	HDZ-217-E1	2024-05-02	WJ	Quick-DNA Fecal/Soil Microbe	HDZ Loris DNA Extracts Box 2		72	HDZ-217-S89	2024-06-13	16S	20	16S20	1	4	PL004
HDZ-218	2024-03-21	Warble	yes	HDZ Keepers		1	0	1	NA	NA	NA	NA	NA	NA	NA	HDZ-218-E1	2024-05-02	WJ	Quick-DNA Fecal/Soil Microbe	HDZ Loris DNA Extracts Box 2		58	HDZ-218-S204	2024-08-16	16S	20	16S20	NA	NA	PL009
HDZ-219	2024-03-16	Culi	yes	HDZ Keepers		1	0	1	NA	NA	NA	NA	NA	NA	NA	HDZ-219-E1	2024-05-02	WJ	Quick-DNA Fecal/Soil Microbe	HDZ Loris DNA Extracts Box 2		37	HDZ-219-S81	2024-06-13	16S	12	16S12	4	1	PL004
HDZ-220	2024-03-17	Culi	yes	HDZ Keepers		1	0	1	NA	NA	NA	NA	NA	NA	NA	HDZ-220-E1	2024-05-02	WJ	Quick-DNA Fecal/Soil Microbe	HDZ Loris DNA Extracts Box 2		42	HDZ-220-S85	2024-06-13	16S	16	16S16	2	3	PL004
HDZ-221	2024-03-14	Culi	yes	HDZ Keepers		1	0	1	NA	NA	NA	NA	NA	NA	NA	HDZ-221-E1	2024-05-02	WJ	Quick-DNA Fecal/Soil Microbe	HDZ Loris DNA Extracts Box 2		76	HDZ-221-S90	2024-06-13	16S	21	16S21	2	2	PL004
HDZ-222	2024-03-02	Culi	yes	HDZ Keepers		1	1	1	HDZ-222-E2	2024-04-19	SA/TSP	Quick-DNA/RNA MagBead			NA	HDZ-222-E1	2024-06-06	SA/ZE	Quick-DNA Fecal/Soil Microbe	HDZ Loris DNA Extracts Box 3		8	HDZ-222-S109	2024-07-17	16S	17	16S17	2	2	PL005
HDZ-223	2024-03-25	Warble	yes	HDZ Keepers		1	1	1	HDZ-223-E2	2024-04-19	SA/TSP	Quick-DNA/RNA MagBead			NA	HDZ-223-E1	2024-06-20	ZE	Quick-DNA Fecal/Soil Microbe	HDZ Loris DNA Extracts Box 3		77	HDZ-223-S122	2024-07-18	16S	7	16S7	NA	NA	PL006
HDZ-224	2024-03-25	Culi	yes	HDZ Keepers		1	1	1	HDZ-224-E2	2024-04-19	SA/TSP	Quick-DNA/RNA MagBead			NA	HDZ-224-E1	2024-06-20	ZE	Quick-DNA Fecal/Soil Microbe	HDZ Loris DNA Extracts Box 3		66	HDZ-224-S123	2024-07-18	16S	8	16S8	NA	NA	PL006
HDZ-226	2024-03-30	Culi	yes	HDZ Keepers		1	1	1	HDZ-226-E2	2024-04-19	SA/TSP	Quick-DNA/RNA MagBead			NA	HDZ-226-E1	2024-06-20	ZE	Quick-DNA Fecal/Soil Microbe	HDZ Loris DNA Extracts Box 3		42	HDZ-226-S124	2024-07-18	16S	9	16S9	NA	NA	PL006
HDZ-227	2024-03-29	Culi	yes	HDZ Keepers		1	1	1	HDZ-227-E2	2024-04-19	SA/TSP	Quick-DNA/RNA MagBead			NA	HDZ-227-E1	2024-06-27	ZE	Quick-DNA Fecal/Soil Microbe	HDZ Loris DNA Extracts Box 3		44	HDZ-227-S128	2024-07-18	16S	13	16S13	NA	NA	PL006
HDZ-228	2024-03-27	Warble	yes	HDZ Keepers		1	0	1	NA	NA	NA	NA	NA	NA	NA	HDZ-228-E1	2024-06-27	ZE	Quick-DNA Fecal/Soil Microbe	HDZ Loris DNA Extracts Box 3		67	HDZ-228-S129	2024-07-18	16S	14	16S14	NA	NA	PL006
HDZ-229	2024-03-21	Culi	yes	HDZ Keepers		1	0	1	NA	NA	NA	NA	NA	NA	NA	HDZ-229-E1	2024-06-27	ZE	Quick-DNA Fecal/Soil Microbe	HDZ Loris DNA Extracts Box 3		96	HDZ-229-S130	2024-07-18	16S	15	16S15	NA	NA	PL006
HDZ-230	2024-03-01	Culi	yes	HDZ Keepers		1	0	1	NA	NA	NA	NA	NA	NA	NA	HDZ-230-E1	2024-08-23	AS	Quick-DNA Fecal/Soil Microbe	HDZ Loris DNA Extracts Box 5		28	HDZ-230-S277	2024-08-30	16S	1	16S1	NA	NA	PL013
HDZ-231	2024-02-29	Culi	yes	HDZ Keepers		1	0	1	NA	NA	NA	NA	NA	NA	NA	HDZ-231-E1	2024-08-23	AS	Quick-DNA Fecal/Soil Microbe	HDZ Loris DNA Extracts Box 5		33	HDZ-231-S278	2024-08-30	16S	2	16S2	NA	NA	PL013
HDZ-232	2024-02-28	Warble	yes	HDZ Keepers		1	0	1	NA	NA	NA	NA	NA	NA	NA	HDZ-232-E1	2024-08-23	AS	Quick-DNA Fecal/Soil Microbe	HDZ Loris DNA Extracts Box 5		28	HDZ-232-S279	2024-08-30	16S	3	16S3	NA	NA	PL013
HDZ-233	2024-02-28	Culi	yes	HDZ Keepers		1	0	1	NA	NA	NA	NA	NA	NA	NA	HDZ-233-E1	2024-08-23	ZE	Quick-DNA Fecal/Soil Microbe	HDZ Loris DNA Extracts Box 5		35	HDZ-233-S280	2024-08-30	16S	4	16S4	NA	NA	PL013
HDZ-234	2024-02-07	Warble	yes	HDZ Keepers		1	0	1	NA	NA	NA	NA	NA	NA	NA	HDZ-234-E1	2024-08-23	ZE	Quick-DNA Fecal/Soil Microbe	HDZ Loris DNA Extracts Box 5		72	HDZ-234-S281	2024-08-30	16S	5	16S5	NA	NA	PL013
HDZ-235	2024-02-07	Culi	yes	HDZ Keepers		1	0	1	NA	NA	NA	NA	NA	NA	NA	HDZ-235-E1	2024-08-23	ZE	Quick-DNA Fecal/Soil Microbe	HDZ Loris DNA Extracts Box 5		41	HDZ-235-S282	2024-08-30	16S	6	16S6	NA	NA	PL013
HDZ-236	2024-02-27	Culi	yes	HDZ Keepers		1	0	1	NA	NA	NA	NA	NA	NA	NA	HDZ-236-E1	2024-08-23	ZE	Quick-DNA Fecal/Soil Microbe	HDZ Loris DNA Extracts Box 5		49	HDZ-236-S283	2024-08-30	16S	7	16S7	NA	NA	PL013
HDZ-237	2024-02-08	Warble	yes	HDZ Keepers		1	0	1	NA	NA	NA	NA	NA	NA	NA	HDZ-237-E1	2024-08-26	SA	Quick-DNA Fecal/Soil Microbe	HDZ Loris DNA Extracts Box 6		54	HDZ-237-S305	2024-09-06	16S	6	16S6	NA	NA	PL014
HDZ-238	2024-02-06	Culi	yes	HDZ Keepers		1	0	1	NA	NA	NA	NA	NA	NA	NA	HDZ-238-E1	2024-08-26	SA	Quick-DNA Fecal/Soil Microbe	HDZ Loris DNA Extracts Box 6		81	HDZ-238-S306	2024-09-06	16S	7	16S7	NA	NA	PL014
HDZ-239	2024-02-05	Warble	yes	HDZ Keepers		1	0	1	NA	NA	NA	NA	NA	NA	NA	HDZ-239-E1	2024-08-26	SA	Quick-DNA Fecal/Soil Microbe	HDZ Loris DNA Extracts Box 6		39	HDZ-239-S307	2024-09-06	16S	8	16S8	NA	NA	PL014
HDZ-240	2024-01-20	Culi	yes	HDZ Keepers		1	0	1	NA	NA	NA	NA	NA	NA	NA	HDZ-240-E1	2024-07-10	SA	Quick-DNA Fecal/Soil Microbe	HDZ Loris DNA Extracts Box 4		36	HDZ-240-S140	2024-07-22	16S	2	16S2	NA	NA	PL007
HDZ-241	2024-02-23	Culi	yes	HDZ Keepers		1	0	1	NA	NA	NA	NA	NA	NA	NA	HDZ-241-E1	2024-07-10	SA	Quick-DNA Fecal/Soil Microbe	HDZ Loris DNA Extracts Box 4		53	HDZ-241-S141	2024-07-22	16S	3	16S3	NA	NA	PL007
HDZ-242	2024-02-23	Warble	yes	HDZ Keepers		1	0	1	NA	NA	NA	NA	NA	NA	NA	HDZ-242-E1	2024-07-10	SA	Quick-DNA Fecal/Soil Microbe	HDZ Loris DNA Extracts Box 4		46	HDZ-242-S142	2024-07-22	16S	4	16S4	NA	NA	PL007
HDZ-243	2024-02-26	Culi	yes	HDZ Keepers		1	0	1	NA	NA	NA	NA	NA	NA	NA	HDZ-243-E1	2024-07-10	SA	Quick-DNA Fecal/Soil Microbe	HDZ Loris DNA Extracts Box 4		100	HDZ-243-S143	2024-07-22	16S	5	16S5	NA	NA	PL007
HDZ-244	2024-02-27	Warble	yes	HDZ Keepers		1	0	1	NA	NA	NA	NA	NA	NA	NA	HDZ-244-E1	2024-07-10	SA	Quick-DNA Fecal/Soil Microbe	HDZ Loris DNA Extracts Box 4		62	HDZ-244-S144	2024-07-22	16S	6	16S6	NA	NA	PL007
HDZ-245	2024-01-16	Culi	yes	HDZ Keepers		1	0	1	NA	NA	NA	NA	NA	NA	NA	HDZ-245-E1	2024-07-10	SA	Quick-DNA Fecal/Soil Microbe	HDZ Loris DNA Extracts Box 4		42	HDZ-245-S145	2024-07-22	16S	7	16S7	NA	NA	PL007
HDZ-246	2024-01-18	Warble	yes	HDZ Keepers		1	0	1	NA	NA	NA	NA	NA	NA	NA	HDZ-246-E1	2024-07-10	SA	Quick-DNA Fecal/Soil Microbe	HDZ Loris DNA Extracts Box 4		29	HDZ-246-S146	2024-07-22	16S	8	16S8	NA	NA	PL007
HDZ-247	2024-01-20	Warble	yes	HDZ Keepers		1	0	1	NA	NA	NA	NA	NA	NA	NA	HDZ-247-E1	2024-07-10	SA	Quick-DNA Fecal/Soil Microbe	HDZ Loris DNA Extracts Box 4		39	HDZ-247-S147	2024-07-22	16S	9	16S9	NA	NA	PL007
HDZ-248	2024-01-21	Warble	yes	HDZ Keepers		1	0	1	NA	NA	NA	NA	NA	NA	NA	HDZ-248-E1	2024-07-10	SA	Quick-DNA Fecal/Soil Microbe	HDZ Loris DNA Extracts Box 4		42	HDZ-248-S148	2024-07-22	16S	10	16S10	NA	NA	PL007
HDZ-249	2024-01-19	Culi	yes	HDZ Keepers		1	0	1	NA	NA	NA	NA	NA	NA	NA	HDZ-249-E1	2024-07-10	SA	Quick-DNA Fecal/Soil Microbe	HDZ Loris DNA Extracts Box 4		34	HDZ-249-S149	2024-07-22	16S	11	16S11	NA	NA	PL007
HDZ-250	2024-01-21	Culi	yes	HDZ Keepers		1	0	1	NA	NA	NA	NA	NA	NA	NA	HDZ-250-E1	2024-07-10	SA	Quick-DNA Fecal/Soil Microbe	HDZ Loris DNA Extracts Box 4		38	HDZ-250-S150	2024-07-22	16S	12	16S12	NA	NA	PL007
HDZ-251	2024-01-16	Warble	yes	HDZ Keepers		1	0	1	NA	NA	NA	NA	NA	NA	NA	HDZ-251-E1	2024-07-10	SA	Quick-DNA Fecal/Soil Microbe	HDZ Loris DNA Extracts Box 4		45	HDZ-251-S151	2024-07-22	16S	13	16S13	NA	NA	PL007
HDZ-252	2024-01-18	Culi	yes	HDZ Keepers		1	0	1	NA	NA	NA	NA	NA	NA	NA	HDZ-252-E1	2024-07-10	SA	Quick-DNA Fecal/Soil Microbe	HDZ Loris DNA Extracts Box 4		57	HDZ-252-S152	2024-07-22	16S	14	16S14	NA	NA	PL007
HDZ-253	2024-01-17	Culi	yes	HDZ Keepers		1	0	1	NA	NA	NA	NA	NA	NA	NA	HDZ-253-E1	2024-07-10	SA	Quick-DNA Fecal/Soil Microbe	HDZ Loris DNA Extracts Box 4		32	HDZ-253-S153	2024-07-22	16S	15	16S15	NA	NA	PL007
HDZ-254	2024-02-02	Culi	yes	HDZ Keepers		1	0	1	NA	NA	NA	NA	NA	NA	NA	HDZ-254-E1	2024-07-10	SA	Quick-DNA Fecal/Soil Microbe	HDZ Loris DNA Extracts Box 4		41	HDZ-254-S154	2024-07-22	16S	16	16S16	NA	NA	PL007
HDZ-255	2024-01-15	Warble	yes	HDZ Keepers		1	0	0	NA	NA	NA	NA	NA	NA	NA	HDZ-255-E1	2024-07-18	ZE	Quick-DNA Fecal/Soil Microbe	HDZ Loris DNA Extracts Box 4	Possibly contaminated	34	NA	NA	NA	NA	NA	NA	NA	NA
HDZ-256	2024-01-13	Culi	yes	HDZ Keepers		1	0	0	NA	NA	NA	NA	NA	NA	NA	HDZ-256-E1	2024-07-18	ZE	Quick-DNA Fecal/Soil Microbe	HDZ Loris DNA Extracts Box 4	Possibly contaminated	35	NA	NA	NA	NA	NA	NA	NA	NA
HDZ-257	2024-01-09	Warble	yes	HDZ Keepers		1	0	0	NA	NA	NA	NA	NA	NA	NA	HDZ-257-E1	2024-07-18	ZE	Quick-DNA Fecal/Soil Microbe	HDZ Loris DNA Extracts Box 4	Possibly contaminated	26	NA	NA	NA	NA	NA	NA	NA	NA
HDZ-258	2024-01-10	Culi	yes	HDZ Keepers		1	0	1	NA	NA	NA	NA	NA	NA	NA	HDZ-258-E1	2024-07-12	AS	Quick-DNA Fecal/Soil Microbe	HDZ Loris DNA Extracts Box 4		37	HDZ-258-S162	2024-08-16	16S	1	16S1	NA	NA	PL008
HDZ-259	2024-01-13	Warble	yes	HDZ Keepers		1	0	1	NA	NA	NA	NA	NA	NA	NA	HDZ-259-E1	2024-07-12	AS	Quick-DNA Fecal/Soil Microbe	HDZ Loris DNA Extracts Box 4		52	HDZ-259-S163	2024-08-16	16S	2	16S2	NA	NA	PL008
HDZ-260	2024-01-28	Warble	yes	HDZ Keepers		1	0	1	NA	NA	NA	NA	NA	NA	NA	HDZ-260-E1	2024-07-12	AS	Quick-DNA Fecal/Soil Microbe	HDZ Loris DNA Extracts Box 4		15	HDZ-260-S164	2024-08-16	16S	3	16S3	NA	NA	PL008
HDZ-262	2024-01-24	Culi	yes	HDZ Keepers		1	0	1	NA	NA	NA	NA	NA	NA	NA	HDZ-262-E1	2024-07-15	ZE	Quick-DNA Fecal/Soil Microbe	HDZ Loris DNA Extracts Box 4		38	HDZ-262-S165	2024-08-16	16S	4	16S4	NA	NA	PL008
HDZ-263	2024-01-09	Culi	no	HDZ Keepers		1	0	1	NA	NA	NA	NA	NA	NA	NA	HDZ-263-E1	2024-07-15	ZE	Quick-DNA Fecal/Soil Microbe	HDZ Loris DNA Extracts Box 4		73	HDZ-263-S166	2024-08-16	16S	5	16S5	NA	NA	PL008
HDZ-264	2024-01-08	Culi	yes	HDZ Keepers		1	0	1	NA	NA	NA	NA	NA	NA	NA	HDZ-264-E1	2024-07-15	ZE	Quick-DNA Fecal/Soil Microbe	HDZ Loris DNA Extracts Box 4		45	HDZ-264-S167	2024-08-16	16S	6	16S6	NA	NA	PL008
HDZ-265	2024-01-23	Warble	yes	HDZ Keepers		1	0	1	NA	NA	NA	NA	NA	NA	NA	HDZ-265-E1	2024-07-15	ZE	Quick-DNA Fecal/Soil Microbe	HDZ Loris DNA Extracts Box 4		59	HDZ-265-S205	2024-08-16	16S	21	16S21	NA	NA	PL009
HDZ-266	2024-01-28	Culi	yes	HDZ Keepers		1	0	1	NA	NA	NA	NA	NA	NA	NA	HDZ-266-E1	2024-07-15	ZE	Quick-DNA Fecal/Soil Microbe	HDZ Loris DNA Extracts Box 4		40	HDZ-266-S254	2024-08-30	16S	1	16S1	NA	NA	PL012
HDZ-267	2024-01-22	Warble	yes	HDZ Keepers		1	0	1	NA	NA	NA	NA	NA	NA	NA	HDZ-267-E1	2024-07-15	ZE	Quick-DNA Fecal/Soil Microbe	HDZ Loris DNA Extracts Box 4		34	HDZ-267-S255	2024-08-30	16S	2	16S2	NA	NA	PL012
HDZ-268	2024-01-08	Warble	yes	HDZ Keepers		1	0	1	NA	NA	NA	NA	NA	NA	NA	HDZ-268-E1	2024-08-26	SA	Quick-DNA Fecal/Soil Microbe	HDZ Loris DNA Extracts Box 6		50	HDZ-268-S308	2024-09-06	16S	9	16S9	NA	NA	PL014
HDZ-269	2024-01-14	Culi	yes	HDZ Keepers		1	0	1	NA	NA	NA	NA	NA	NA	NA	HDZ-269-E1	2024-08-26	SA	Quick-DNA Fecal/Soil Microbe	HDZ Loris DNA Extracts Box 6		2	HDZ-269-S309	2024-09-06	16S	10	16S10	NA	NA	PL014
HDZ-270	2024-01-22	Culi	yes	HDZ Keepers		1	0	1	NA	NA	NA	NA	NA	NA	NA	HDZ-270-E1	2024-08-26	SA	Quick-DNA Fecal/Soil Microbe	HDZ Loris DNA Extracts Box 6		53	HDZ-270-S310	2024-09-06	16S	11	16S11	NA	NA	PL014
HDZ-271	2024-01-25	Culi	yes	HDZ Keepers		1	0	1	NA	NA	NA	NA	NA	NA	NA	HDZ-271-E1	2024-08-26	SA	Quick-DNA Fecal/Soil Microbe	HDZ Loris DNA Extracts Box 6		51	HDZ-271-S311	2024-09-06	16S	12	16S12	NA	NA	PL014
HDZ-272	2024-01-21	Culi	yes	HDZ Keepers		1	0	1	NA	NA	NA	NA	NA	NA	NA	HDZ-272-E1	2024-08-26	SA	Quick-DNA Fecal/Soil Microbe	HDZ Loris DNA Extracts Box 6		39	HDZ-272-S312	2024-09-06	16S	13	16S13	NA	NA	PL014
HDZ-273	2024-01-23	Culi	yes	HDZ Keepers		1	0	1	NA	NA	NA	NA	NA	NA	NA	HDZ-273-E1	2024-08-26	SA	Quick-DNA Fecal/Soil Microbe	HDZ Loris DNA Extracts Box 6		24	HDZ-273-S313	2024-09-06	16S	14	16S14	NA	NA	PL014
HDZ-274	2024-01-15	Culi	yes	HDZ Keepers		1	0	1	NA	NA	NA	NA	NA	NA	NA	HDZ-274-E1	2024-08-26	SA	Quick-DNA Fecal/Soil Microbe	HDZ Loris DNA Extracts Box 6		40	HDZ-274-S314	2024-09-06	16S	15	16S15	NA	NA	PL014
HDZ-301	2024-02-22	Culi	yes	HDZ Keepers		1	0	1	NA	NA	NA	NA	NA	NA	NA	HDZ-301-E1	2024-06-14	SA/EK	Quick-DNA Fecal/Soil Microbe	HDZ Loris DNA Extracts Box 3		9	HDZ-301-S110	2024-07-17	16S	18	16S18	6	1	PL005
HDZ-302	2024-02-25	Warble	yes	HDZ Keepers		1	0	1	NA	NA	NA	NA	NA	NA	NA	HDZ-302-E1	2024-06-14	SA/EK	Quick-DNA Fecal/Soil Microbe	HDZ Loris DNA Extracts Box 3		18	HDZ-302-S111	2024-07-17	16S	19	16S19	1	3	PL005
HDZ-303	2024-02-13	Warble	yes	HDZ Keepers		1	0	1	NA	NA	NA	NA	NA	NA	NA	HDZ-303-E1	2024-06-14	SA/EK	Quick-DNA Fecal/Soil Microbe	HDZ Loris DNA Extracts Box 3		16	HDZ-303-S112	2024-07-17	16S	20	16S20	2	2	PL005
HDZ-304	2024-02-15	Warble	yes	HDZ Keepers		1	0	1	NA	NA	NA	NA	NA	NA	NA	HDZ-304-E1	2024-06-14	AS	Quick-DNA Fecal/Soil Microbe	HDZ Loris DNA Extracts Box 3		1	HDZ-304-S113	2024-07-17	16S	21	16S21	1	5	PL005
HDZ-305	2024-02-19	Culi	yes	HDZ Keepers		1	0	1	NA	NA	NA	NA	NA	NA	NA	HDZ-305-E1	2024-06-14	AS	Quick-DNA Fecal/Soil Microbe	HDZ Loris DNA Extracts Box 3		40	HDZ-305-S114	2024-07-17	16S	22	16S22	1	3	PL005
HDZ-306	2024-02-11	Warble	yes	HDZ Keepers		1	0	1	NA	NA	NA	NA	NA	NA	NA	HDZ-306-E1	2024-06-14	AS	Quick-DNA Fecal/Soil Microbe	HDZ Loris DNA Extracts Box 3		4	HDZ-306-S115	2024-07-17	16S	23	16S23	5	1	PL005
HDZ-307	2024-02-09	Warble	yes	HDZ Keepers		1	0	1	NA	NA	NA	NA	NA	NA	NA	HDZ-307-E1	2024-06-18	SA	Quick-DNA Fecal/Soil Microbe	HDZ Loris DNA Extracts Box 3		19	HDZ-307-S116	2024-07-18	16S	1	16S1	NA	NA	PL006
HDZ-308	2024-02-15	Culi	yes	HDZ Keepers		1	0	1	NA	NA	NA	NA	NA	NA	NA	HDZ-308-E1	2024-06-18	SA	Quick-DNA Fecal/Soil Microbe	HDZ Loris DNA Extracts Box 3		37	HDZ-308-S117	2024-07-18	16S	2	16S2	NA	NA	PL006
HDZ-309	2024-02-29	Warble	yes	HDZ Keepers		1	0	1	NA	NA	NA	NA	NA	NA	NA	HDZ-309-E1	2024-06-18	SA	Quick-DNA Fecal/Soil Microbe	HDZ Loris DNA Extracts Box 3		49	HDZ-309-S118	2024-07-18	16S	3	16S3	NA	NA	PL006
HDZ-310	2024-02-20	Culi	yes	HDZ Keepers		1	0	1	NA	NA	NA	NA	NA	NA	NA	HDZ-310-E1	2024-06-18	ZE	Quick-DNA Fecal/Soil Microbe	HDZ Loris DNA Extracts Box 3		45	HDZ-310-S119	2024-07-18	16S	4	16S4	NA	NA	PL006
HDZ-311	2024-12-14	Culi	yes	HDZ Keepers		1	0	1	NA	NA	NA	NA	NA	NA	NA	HDZ-311-E1	2024-06-18	ZE	Quick-DNA Fecal/Soil Microbe	HDZ Loris DNA Extracts Box 3		46	HDZ-311-S120	2024-07-18	16S	5	16S5	NA	NA	PL006
HDZ-312	2024-02-14	Warble	yes	HDZ Keepers		1	0	1	NA	NA	NA	NA	NA	NA	NA	HDZ-312-E1	2024-06-18	ZE	Quick-DNA Fecal/Soil Microbe	HDZ Loris DNA Extracts Box 3		33	HDZ-312-S121	2024-07-18	16S	6	16S6	NA	NA	PL006
HDZ-313	2024-02-16	Warble	yes	HDZ Keepers		1	0	1	NA	NA	NA	NA	NA	NA	NA	HDZ-313-E1	2024-06-20	AS	Quick-DNA Fecal/Soil Microbe	HDZ Loris DNA Extracts Box 3		45	HDZ-313-S125	2024-07-18	16S	10	16S10	NA	NA	PL006
HDZ-314	2024-02-16	Culi	yes	HDZ Keepers		1	0	1	NA	NA	NA	NA	NA	NA	NA	HDZ-314-E1	2024-06-20	AS	Quick-DNA Fecal/Soil Microbe	HDZ Loris DNA Extracts Box 3		11	HDZ-314-S126	2024-07-18	16S	11	16S11	NA	NA	PL006
HDZ-315	2024-02-10	Warble	yes	HDZ Keepers		1	0	1	NA	NA	NA	NA	NA	NA	NA	HDZ-315-E1	2024-06-20	AS	Quick-DNA Fecal/Soil Microbe	HDZ Loris DNA Extracts Box 3		39	HDZ-315-S127	2024-07-18	16S	12	16S12	NA	NA	PL006
HDZ-316	2024-03-24	Warble	yes	HDZ Keepers		1	0	1	NA	NA	NA	NA	NA	NA	NA	HDZ-316-E1	2024-08-08	ZE	Quick-DNA Fecal/Soil Microbe	HDZ Loris DNA Extracts Box 5		79	HDZ-316-S256	2024-08-30	16S	3	16S3	NA	NA	PL012
HDZ-317	2024-02-13	Culi	yes	HDZ Keepers		1	0	1	NA	NA	NA	NA	NA	NA	NA	HDZ-317-E1	2024-07-11	AS	Quick-DNA Fecal/Soil Microbe	HDZ Loris DNA Extracts Box 4		11	HDZ-317-S155	2024-07-22	16S	17	16S17	NA	NA	PL007
HDZ-318	2024-02-11	Culi	yes	HDZ Keepers		1	0	1	NA	NA	NA	NA	NA	NA	NA	HDZ-318-E1	2024-07-11	AS	Quick-DNA Fecal/Soil Microbe	HDZ Loris DNA Extracts Box 4		18	HDZ-318-S156	2024-07-22	16S	18	16S18	NA	NA	PL007
HDZ-319	2024-02-17	Culi	yes	HDZ Keepers		1	0	1	NA	NA	NA	NA	NA	NA	NA	HDZ-319-E1	2024-07-11	AS	Quick-DNA Fecal/Soil Microbe	HDZ Loris DNA Extracts Box 4		26	HDZ-319-S157	2024-07-22	16S	19	16S19	NA	NA	PL007
HDZ-320	2024-02-21	Culi	yes	HDZ Keepers		1	0	1	NA	NA	NA	NA	NA	NA	NA	HDZ-320-E1	2024-06-27	AS	Quick-DNA Fecal/Soil Microbe	HDZ Loris DNA Extracts Box 3		88	HDZ-320-S131	2024-07-18	16S	16	16S16	NA	NA	PL006
HDZ-321	2024-03-10	Culi	yes	HDZ Keepers		1	0	1	NA	NA	NA	NA	NA	NA	NA	HDZ-321-E1	2024-06-27	AS	Quick-DNA Fecal/Soil Microbe	HDZ Loris DNA Extracts Box 3		29	HDZ-321-S132	2024-07-18	16S	17	16S17	NA	NA	PL006
HDZ-322	2024-03-03	Culi	yes	HDZ Keepers		1	0	1	NA	NA	NA	NA	NA	NA	NA	HDZ-322-E1	2024-06-27	AS	Quick-DNA Fecal/Soil Microbe	HDZ Loris DNA Extracts Box 3		1	HDZ-322-S133	2024-07-18	16S	18	16S18	NA	NA	PL006
HDZ-323	2024-01-17	Warble	yes	HDZ Keepers		1	0	1	NA	NA	NA	NA	NA	NA	NA	HDZ-323-E1	2024-06-28	AS	Quick-DNA Fecal/Soil Microbe	HDZ Loris DNA Extracts Box 3		34	HDZ-323-S134	2024-07-18	16S	19	16S19	NA	NA	PL006
HDZ-324	2024-02-18	Culi	yes	HDZ Keepers		1	0	1	NA	NA	NA	NA	NA	NA	NA	HDZ-324-E1	2024-06-28	AS	Quick-DNA Fecal/Soil Microbe	HDZ Loris DNA Extracts Box 3		23	HDZ-324-S135	2024-07-18	16S	20	16S20	NA	NA	PL006
HDZ-325	2024-02-22	Warble	yes	HDZ Keepers		1	0	1	NA	NA	NA	NA	NA	NA	NA	HDZ-325-E1	2024-06-28	AS	Quick-DNA Fecal/Soil Microbe	HDZ Loris DNA Extracts Box 3		37	HDZ-325-S136	2024-07-18	16S	21	16S21	NA	NA	PL006
HDZ-326	2024-02-09	Culi	yes	HDZ Keepers		1	0	1	NA	NA	NA	NA	NA	NA	NA	HDZ-326-E1	2024-06-28	AS	Quick-DNA Fecal/Soil Microbe	HDZ Loris DNA Extracts Box 3		37	HDZ-326-S137	2024-07-18	16S	22	16S22	NA	NA	PL006
HDZ-327	2024-02-25	Culi	yes	HDZ Keepers		1	0	1	NA	NA	NA	NA	NA	NA	NA	HDZ-327-E1	2024-06-28	AS	Quick-DNA Fecal/Soil Microbe	HDZ Loris DNA Extracts Box 3		13	HDZ-327-S138	2024-07-18	16S	23	16S23	NA	NA	PL006
HDZ-328	2024-02-24	Culi	yes	HDZ Keepers		1	0	1	NA	NA	NA	NA	NA	NA	NA	HDZ-328-E1	2024-06-28	AS	Quick-DNA Fecal/Soil Microbe	HDZ Loris DNA Extracts Box 3		34	HDZ-328-S158	2024-07-22	16S	20	16S20	NA	NA	PL007
HDZ-329	2024-02-18	Warble	yes	HDZ Keepers		1	0	1	NA	NA	NA	NA	NA	NA	NA	HDZ-329-E1	2024-08-28	SA	Quick-DNA Fecal/Soil Microbe	HDZ Loris DNA Extracts Box 6		66	HDZ-329-S315	2024-09-06	16S	16	16S16	NA	NA	PL014
HDZ-330	2024-02-10	Culi	yes	HDZ Keepers		1	0	1	NA	NA	NA	NA	NA	NA	NA	HDZ-330-E1	2024-08-28	SA	Quick-DNA Fecal/Soil Microbe	HDZ Loris DNA Extracts Box 6		45	HDZ-330-S323	2024-09-09	16S	1	16S1	NA	NA	PL015
HDZ-331	2024-02-12	Warble	yes	HDZ Keepers		1	0	1	NA	NA	NA	NA	NA	NA	NA	HDZ-331-E1	2024-08-28	SA	Quick-DNA Fecal/Soil Microbe	HDZ Loris DNA Extracts Box 6		32	HDZ-331-S324	2024-09-09	16S	2	16S2	NA	NA	PL015
HDZ-332	2024-02-21	Warble	yes	HDZ Keepers		1	0	1	NA	NA	NA	NA	NA	NA	NA	HDZ-332-E1	2024-07-12	EK	Quick-DNA Fecal/Soil Microbe	HDZ Loris DNA Extracts Box 4		27	HDZ-332-S168	2024-08-16	16S	7	16S7	NA	NA	PL008
HDZ-333	2024-02-19	Warble	yes	HDZ Keepers		1	0	1	NA	NA	NA	NA	NA	NA	NA	HDZ-333-E1	2024-07-12	EK	Quick-DNA Fecal/Soil Microbe	HDZ Loris DNA Extracts Box 4		69	HDZ-333-S169	2024-08-16	16S	8	16S8	NA	NA	PL008
HDZ-334	2024-02-24	Warble	yes	HDZ Keepers		1	0	1	NA	NA	NA	NA	NA	NA	NA	HDZ-334-E1	2024-08-28	SA	Quick-DNA Fecal/Soil Microbe	HDZ Loris DNA Extracts Box 6		37	HDZ-334-S325	2024-09-09	16S	3	16S3	NA	NA	PL015
HDZ-335	2024-02-20	Warble	yes	HDZ Keepers		1	0	1	NA	NA	NA	NA	NA	NA	NA	HDZ-335-E1	2024-07-12	EK	Quick-DNA Fecal/Soil Microbe	HDZ Loris DNA Extracts Box 4		28	HDZ-335-S257	2024-08-30	16S	4	16S4	NA	NA	PL012
HDZ-336	2024-02-12	Culi	yes	HDZ Keepers		1	0	1	NA	NA	NA	NA	NA	NA	NA	HDZ-336-E1	2024-07-11	ZE	Quick-DNA Fecal/Soil Microbe	HDZ Loris DNA Extracts Box 4		52	HDZ-336-S159	2024-07-22	16S	21	16S21	NA	NA	PL007
HDZ-337	2024-03-08	Warble	yes	HDZ Keepers		1	0	1	NA	NA	NA	NA	NA	NA	NA	HDZ-337-E1	2024-07-11	ZE	Quick-DNA Fecal/Soil Microbe	HDZ Loris DNA Extracts Box 4		43	HDZ-337-S160	2024-07-22	16S	22	16S22	NA	NA	PL007
HDZ-338	2024-03-10	Warble	yes	HDZ Keepers		1	0	1	NA	NA	NA	NA	NA	NA	NA	HDZ-338-E1	2024-07-11	ZE	Quick-DNA Fecal/Soil Microbe	HDZ Loris DNA Extracts Box 4		69	HDZ-338-S161	2024-07-22	16S	23	16S23	NA	NA	PL007
HDZ-339	2024-03-08	Culi	yes	HDZ Keepers		1	0	1	NA	NA	NA	NA	NA	NA	NA	HDZ-339-E1	2024-08-09	AS	Quick-DNA Fecal/Soil Microbe	HDZ Loris DNA Extracts Box 5		76	HDZ-339-S252	2024-08-21	16S	22	16S22	NA	NA	PL011
HDZ-340	2024-03-18	Warble	yes	HDZ Keepers		1	0	1	NA	NA	NA	NA	NA	NA	NA	HDZ-340-E1	2024-08-28	SA	Quick-DNA Fecal/Soil Microbe	HDZ Loris DNA Extracts Box 6		35	HDZ-340-S326	2024-09-09	16S	4	16S4	NA	NA	PL015
HDZ-341	2024-03-20	Culi	yes	HDZ Keepers		1	0	1	NA	NA	NA	NA	NA	NA	NA	HDZ-341-E1	2024-07-18	AS	Quick-DNA Fecal/Soil Microbe	HDZ Loris DNA Extracts Box 4		57	HDZ-341-S170	2024-08-16	16S	9	16S9	NA	NA	PL008
HDZ-342	2024-03-09	Culi	yes	HDZ Keepers		1	0	1	NA	NA	NA	NA	NA	NA	NA	HDZ-342-E1	2024-07-18	AS	Quick-DNA Fecal/Soil Microbe	HDZ Loris DNA Extracts Box 4		47	HDZ-342-S171	2024-08-16	16S	10	16S10	NA	NA	PL008
HDZ-343	2024-03-11	Warble	yes	HDZ Keepers		1	0	1	NA	NA	NA	NA	NA	NA	NA	HDZ-343-E1	2024-07-18	AS	Quick-DNA Fecal/Soil Microbe	HDZ Loris DNA Extracts Box 4		51	HDZ-343-S172	2024-08-16	16S	11	16S11	NA	NA	PL008
HDZ-344	2024-03-09	Warble	yes	HDZ Keepers		1	0	1	NA	NA	NA	NA	NA	NA	NA	HDZ-344-E1	2024-08-26	SA	Quick-DNA Fecal/Soil Microbe	HDZ Loris DNA Extracts Box 6		28	HDZ-344-S316	2024-09-06	16S	17	16S17	NA	NA	PL014
HDZ-345	2024-03-13	Culi	yes	HDZ Keepers		1	0	1	NA	NA	NA	NA	NA	NA	NA	HDZ-345-E1	2024-08-08	ZE	Quick-DNA Fecal/Soil Microbe	HDZ Loris DNA Extracts Box 5		69	HDZ-345-S258	2024-08-30	16S	5	16S5	NA	NA	PL012
HDZ-346	2024-03-13	Warble	yes	HDZ Keepers		1	0	1	NA	NA	NA	NA	NA	NA	NA	HDZ-346-E1	2024-08-26	SA	Quick-DNA Fecal/Soil Microbe	HDZ Loris DNA Extracts Box 6		26	HDZ-346-S317	2024-09-06	16S	18	16S18	NA	NA	PL014
HDZ-347	2024-03-11	Culi	yes	HDZ Keepers		1	0	1	NA	NA	NA	NA	NA	NA	NA	HDZ-347-E1	2024-08-26	SA	Quick-DNA Fecal/Soil Microbe	HDZ Loris DNA Extracts Box 6		32	HDZ-347-S318	2024-09-06	16S	19	16S19	NA	NA	PL014
HDZ-348	2024-03-18	Culi	yes	HDZ Keepers		1	0	1	NA	NA	NA	NA	NA	NA	NA	HDZ-348-E1	2024-08-08	ZE	Quick-DNA Fecal/Soil Microbe	HDZ Loris DNA Extracts Box 5		33	HDZ-348-S259	2024-08-30	16S	6	16S6	NA	NA	PL012
HDZ-349	2024-03-20	Warble	yes	HDZ Keepers		1	0	1	NA	NA	NA	NA	NA	NA	NA	HDZ-349-E1	2024-07-19	AS	Quick-DNA Fecal/Soil Microbe	HDZ Loris DNA Extracts Box 4		86	HDZ-349-S173	2024-08-16	16S	12	16S12	NA	NA	PL008
HDZ-350	2024-03-24	Culi	yes	HDZ Keepers		1	0	1	NA	NA	NA	NA	NA	NA	NA	HDZ-350-E1	2024-07-19	AS	Quick-DNA Fecal/Soil Microbe	HDZ Loris DNA Extracts Box 4		8	HDZ-350-S174	2024-08-16	16S	13	16S13	NA	NA	PL008
HDZ-351	2024-04-16	Warble	yes	HDZ Keepers		1	0	1	NA	NA	NA	NA	NA	NA	NA	HDZ-351-E1	2024-07-10	AS	Quick-DNA Fecal/Soil Microbe	HDZ Loris DNA Extracts Box 4		2	HDZ-351-S175	2024-08-16	16S	14	16S14	NA	NA	PL008
HDZ-352	2024-04-16	Culi	yes	HDZ Keepers		1	0	1	NA	NA	NA	NA	NA	NA	NA	HDZ-352-E1	2024-07-10	AS	Quick-DNA Fecal/Soil Microbe	HDZ Loris DNA Extracts Box 4		22	HDZ-352-S176	2024-08-16	16S	15	16S15	NA	NA	PL008
HDZ-353	2024-04-17	Culi	yes	HDZ Keepers		1	0	0	NA	NA	NA	NA	NA	NA	NA	HDZ-353-E1	2024-07-10	AS	Quick-DNA Fecal/Soil Microbe	HDZ Loris DNA Extracts Box 4		0	NA	NA	NA	NA	NA	NA	NA	NA
HDZ-354	2024-04-19	Culi	yes	HDZ Keepers		1	0	1	NA	NA	NA	NA	NA	NA	NA	HDZ-354-E1	2024-07-10	AS	Quick-DNA Fecal/Soil Microbe	HDZ Loris DNA Extracts Box 4		34	HDZ-354-S177	2024-08-16	16S	16	16S16	NA	NA	PL008
HDZ-355	2024-04-20	Warble	yes	HDZ Keepers		1	0	1	NA	NA	NA	NA	NA	NA	NA	HDZ-355-E1	2024-07-22	ZE	Quick-DNA Fecal/Soil Microbe	HDZ Loris DNA Extracts Box 4		33	HDZ-355-S178	2024-08-16	16S	17	16S17	NA	NA	PL008
HDZ-356	2024-04-26	Warble	yes	HDZ Keepers		1	0	1	NA	NA	NA	NA	NA	NA	NA	HDZ-356-E1	2024-07-22	ZE	Quick-DNA Fecal/Soil Microbe	HDZ Loris DNA Extracts Box 4		31	HDZ-356-S179	2024-08-16	16S	18	16S18	NA	NA	PL008
HDZ-357	2024-04-14	Culi	yes	HDZ Keepers		1	0	1	NA	NA	NA	NA	NA	NA	NA	HDZ-357-E1	2024-07-22	ZE	Quick-DNA Fecal/Soil Microbe	HDZ Loris DNA Extracts Box 4		13	HDZ-357-S180	2024-08-16	16S	19	16S19	NA	NA	PL008
HDZ-358	2024-04-15	Culi	yes	HDZ Keepers		1	0	1	NA	NA	NA	NA	NA	NA	NA	HDZ-358-E1	2024-07-22	ZE	Quick-DNA Fecal/Soil Microbe	HDZ Loris DNA Extracts Box 4		48	HDZ-358-S181	2024-08-16	16S	20	16S20	NA	NA	PL008
HDZ-359	2024-04-15	Warble	yes	HDZ Keepers		1	0	1	NA	NA	NA	NA	NA	NA	NA	HDZ-359-E1	2024-07-22	ZE	Quick-DNA Fecal/Soil Microbe	HDZ Loris DNA Extracts Box 4		33	HDZ-359-S182	2024-08-16	16S	21	16S21	NA	NA	PL008
HDZ-360	2024-04-22	Warble	yes	HDZ Keepers		1	0	1	NA	NA	NA	NA	NA	NA	NA	HDZ-360-E1	2024-07-22	ZE	Quick-DNA Fecal/Soil Microbe	HDZ Loris DNA Extracts Box 4		48	HDZ-360-S183	2024-08-16	16S	22	16S22	NA	NA	PL008
HDZ-361	2024-04-20	Culi	yes	HDZ Keepers		1	0	1	NA	NA	NA	NA	NA	NA	NA	HDZ-361-E1	2024-07-22	ZE	Quick-DNA Fecal/Soil Microbe	HDZ Loris DNA Extracts Box 4		68	HDZ-361-S184	2024-08-16	16S	23	16S23	NA	NA	PL008
HDZ-362	2024-04-25	Culi	yes	HDZ Keepers		1	0	1	NA	NA	NA	NA	NA	NA	NA	HDZ-362-E1	2024-08-07	SA	Quick-DNA Fecal/Soil Microbe	HDZ Loris DNA Extracts Box 5		28	HDZ-362-S208	2024-08-21	16S	1	16S1	NA	NA	PL010
HDZ-363	2024-04-10	Culi	yes	HDZ Keepers		1	0	1	NA	NA	NA	NA	NA	NA	NA	HDZ-363-E1	2024-08-07	SA	Quick-DNA Fecal/Soil Microbe	HDZ Loris DNA Extracts Box 5		39	HDZ-363-S209	2024-08-21	16S	2	16S2	NA	NA	PL010
HDZ-364	2024-04-12	Culi	yes	HDZ Keepers		1	0	1	NA	NA	NA	NA	NA	NA	NA	HDZ-364-E1	2024-08-07	SA	Quick-DNA Fecal/Soil Microbe	HDZ Loris DNA Extracts Box 5		73	HDZ-364-S210	2024-08-21	16S	3	16S3	NA	NA	PL010
HDZ-365	2024-04-13	Culi	yes	HDZ Keepers		1	0	1	NA	NA	NA	NA	NA	NA	NA	HDZ-365-E1	2024-08-07	SA	Quick-DNA Fecal/Soil Microbe	HDZ Loris DNA Extracts Box 5		55	HDZ-365-S211	2024-08-21	16S	4	16S4	NA	NA	PL010
HDZ-366	2024-04-13	Warble	yes	HDZ Keepers		1	0	1	NA	NA	NA	NA	NA	NA	NA	HDZ-366-E1	2024-08-07	SA	Quick-DNA Fecal/Soil Microbe	HDZ Loris DNA Extracts Box 5		46	HDZ-366-S212	2024-08-21	16S	5	16S5	NA	NA	PL010
HDZ-367	2024-04-19	Warble	yes	HDZ Keepers		1	0	1	NA	NA	NA	NA	NA	NA	NA	HDZ-367-E1	2024-08-07	SA	Quick-DNA Fecal/Soil Microbe	HDZ Loris DNA Extracts Box 5		47	HDZ-367-S213	2024-08-21	16S	6	16S6	NA	NA	PL010
HDZ-368	2024-04-24	Culi	yes	HDZ Keepers		1	0	1	NA	NA	NA	NA	NA	NA	NA	HDZ-368-E1	2024-08-08	AS	Quick-DNA Fecal/Soil Microbe	HDZ Loris DNA Extracts Box 5		16	HDZ-368-S214	2024-08-21	16S	7	16S7	NA	NA	PL010
HDZ-369	2024-04-05	Warble	yes	HDZ Keepers		1	0	1	NA	NA	NA	NA	NA	NA	NA	HDZ-369-E1	2024-08-08	AS	Quick-DNA Fecal/Soil Microbe	HDZ Loris DNA Extracts Box 5		20	HDZ-369-S215	2024-08-21	16S	8	16S8	NA	NA	PL010
HDZ-370	2024-04-04	Culi	yes	HDZ Keepers	Whistling, confirmed breeding	1	0	1	NA	NA	NA	NA	NA	NA	NA	HDZ-370-E1	2024-08-08	AS	Quick-DNA Fecal/Soil Microbe	HDZ Loris DNA Extracts Box 5		55	HDZ-370-S216	2024-08-21	16S	9	16S9	NA	NA	PL010
HDZ-371	2024-04-04	Warble	yes	HDZ Keepers	Whistling, confirmed breeding	1	0	1	NA	NA	NA	NA	NA	NA	NA	HDZ-371-E1	2024-08-07	SA	Quick-DNA Fecal/Soil Microbe	HDZ Loris DNA Extracts Box 5		22	HDZ-371-S217	2024-08-21	16S	10	16S10	NA	NA	PL010
HDZ-372	2024-04-06	Culi	yes	HDZ Keepers		1	0	1	NA	NA	NA	NA	NA	NA	NA	HDZ-372-E1	2024-08-07	SA	Quick-DNA Fecal/Soil Microbe	HDZ Loris DNA Extracts Box 5		26	HDZ-372-S218	2024-08-21	16S	11	16S11	NA	NA	PL010
HDZ-373	2024-03-08	Culi	yes	HDZ Keepers		1	0	1	NA	NA	NA	NA	NA	NA	NA	HDZ-373-E1	2024-08-07	SA	Quick-DNA Fecal/Soil Microbe	HDZ Loris DNA Extracts Box 5		11	HDZ-373-S219	2024-08-21	16S	12	16S12	NA	NA	PL010
HDZ-374	2024-04-22	Warble	yes	HDZ Keepers		1	0	1	NA	NA	NA	NA	NA	NA	NA	HDZ-374-E1	2024-08-22	ZE	Quick-DNA Fecal/Soil Microbe	HDZ Loris DNA Extracts Box 5		56	HDZ-374-S284	2024-08-30	16S	8	16S8	NA	NA	PL013
HDZ-375	2024-04-05	Culi	yes	HDZ Keepers		1	0	1	NA	NA	NA	NA	NA	NA	NA	HDZ-375-E1	2024-08-22	ZE	Quick-DNA Fecal/Soil Microbe	HDZ Loris DNA Extracts Box 5		36	HDZ-375-S285	2024-08-30	16S	9	16S9	NA	NA	PL013
HDZ-376	2024-04-03	Warble	yes	HDZ Keepers	Warble and Culi resting together	1	0	1	NA	NA	NA	NA	NA	NA	NA	HDZ-376-E1	2024-08-22	ZE	Quick-DNA Fecal/Soil Microbe	HDZ Loris DNA Extracts Box 5		48	HDZ-376-S286	2024-08-30	16S	10	16S10	NA	NA	PL013
HDZ-377	2024-04-03	Culi	yes	HDZ Keepers	Warble and Culi resting together	1	0	1	NA	NA	NA	NA	NA	NA	NA	HDZ-377-E1	2024-08-22	AS	Quick-DNA Fecal/Soil Microbe	HDZ Loris DNA Extracts Box 5		38	HDZ-377-S287	2024-08-30	16S	11	16S11	NA	NA	PL013
HDZ-378	2024-04-06	Warble	yes	HDZ Keepers		1	0	1	NA	NA	NA	NA	NA	NA	NA	HDZ-378-E1	2024-08-22	AS	Quick-DNA Fecal/Soil Microbe	HDZ Loris DNA Extracts Box 5		14	HDZ-378-S288	2024-08-30	16S	12	16S12	NA	NA	PL013
HDZ-379	2024-04-12	Warble	yes	HDZ Keepers		1	0	1	NA	NA	NA	NA	NA	NA	NA	HDZ-379-E1	2024-08-22	AS	Quick-DNA Fecal/Soil Microbe	HDZ Loris DNA Extracts Box 5		57	HDZ-379-S289	2024-08-30	16S	13	16S13	NA	NA	PL013
HDZ-380	2024-04-23	Warble	yes	HDZ Keepers		1	0	1	NA	NA	NA	NA	NA	NA	NA	HDZ-380-E1	2024-08-22	AS	Quick-DNA Fecal/Soil Microbe	HDZ Loris DNA Extracts Box 5		15	HDZ-380-S290	2024-08-30	16S	14	16S14	NA	NA	PL013
HDZ-381	2024-04-07	Culi	yes	HDZ Keepers		1	0	1	NA	NA	NA	NA	NA	NA	NA	HDZ-381-E1	2024-08-23	SA	Quick-DNA Fecal/Soil Microbe	HDZ Loris DNA Extracts Box 5		13	HDZ-381-S327	2024-09-09	16S	5	16S5	NA	NA	PL015
HDZ-382	2024-03-09	Warble	yes	HDZ Keepers		1	0	1	NA	NA	NA	NA	NA	NA	NA	HDZ-382-E1	2024-08-23	SA	Quick-DNA Fecal/Soil Microbe	HDZ Loris DNA Extracts Box 5		10	HDZ-382-S328	2024-09-09	16S	6	16S6	NA	NA	PL015
HDZ-383	2024-03-09	Culi	yes	HDZ Keepers		1	0	1	NA	NA	NA	NA	NA	NA	NA	HDZ-383-E1	2024-08-19	SA	Quick-DNA Fecal/Soil Microbe	HDZ Loris DNA Extracts Box 5		30	HDZ-383-S260	2024-08-30	16S	7	16S7	NA	NA	PL012
HDZ-384	2024-03-11	Culi	yes	HDZ Keepers		1	0	1	NA	NA	NA	NA	NA	NA	NA	HDZ-384-E1	2024-08-19	SA	Quick-DNA Fecal/Soil Microbe	HDZ Loris DNA Extracts Box 5		41	HDZ-384-S261	2024-08-30	16S	8	16S8	NA	NA	PL012
HDZ-385	2024-03-14	Warble	yes	HDZ Keepers		1	0	1	NA	NA	NA	NA	NA	NA	NA	HDZ-385-E1	2024-08-19	SA	Quick-DNA Fecal/Soil Microbe	HDZ Loris DNA Extracts Box 5		87	HDZ-385-S262	2024-08-30	16S	9	16S9	NA	NA	PL012
HDZ-386	2024-04-22	Culi	yes	HDZ Keepers		1	0	1	NA	NA	NA	NA	NA	NA	NA	HDZ-386-E1	2024-08-19	SA	Quick-DNA Fecal/Soil Microbe	HDZ Loris DNA Extracts Box 5		33	HDZ-386-S263	2024-08-30	16S	10	16S10	NA	NA	PL012
HDZ-387	2024-04-01	Warble	yes	HDZ Keepers	Warble vulva swollen	1	0	1	NA	NA	NA	NA	NA	NA	NA	HDZ-387-E1	2024-08-19	SA	Quick-DNA Fecal/Soil Microbe	HDZ Loris DNA Extracts Box 5		46	HDZ-387-S264	2024-08-30	16S	11	16S11	NA	NA	PL012
HDZ-388	2024-04-01	Culi	yes	HDZ Keepers	Warble vulva swollen	1	0	1	NA	NA	NA	NA	NA	NA	NA	HDZ-388-E1	2024-08-19	SA	Quick-DNA Fecal/Soil Microbe	HDZ Loris DNA Extracts Box 5		63	HDZ-388-S265	2024-08-30	16S	12	16S12	NA	NA	PL012
HDZ-389	2024-03-04	Culi	yes	HDZ Keepers		1	0	1	NA	NA	NA	NA	NA	NA	NA	HDZ-389-E1	2024-08-19	SA	Quick-DNA Fecal/Soil Microbe	HDZ Loris DNA Extracts Box 5		84	HDZ-389-S266	2024-08-30	16S	13	16S13	NA	NA	PL012
HDZ-390	2024-03-26	Culi	yes	HDZ Keepers		1	0	1	NA	NA	NA	NA	NA	NA	NA	HDZ-390-E1	2024-08-19	SA	Quick-DNA Fecal/Soil Microbe	HDZ Loris DNA Extracts Box 5		18	HDZ-390-S267	2024-08-30	16S	14	16S14	NA	NA	PL012
HDZ-391	2024-03-23	Warble	yes	HDZ Keepers		1	0	1	NA	NA	NA	NA	NA	NA	NA	HDZ-391-E1	2024-08-19	SA	Quick-DNA Fecal/Soil Microbe	HDZ Loris DNA Extracts Box 5		45	HDZ-391-S268	2024-08-30	16S	15	16S15	NA	NA	PL012
HDZ-392	2024-03-19	Culi	yes	HDZ Keepers		1	0	1	NA	NA	NA	NA	NA	NA	NA	HDZ-392-E1	2024-08-19	SA	Quick-DNA Fecal/Soil Microbe	HDZ Loris DNA Extracts Box 5		7	HDZ-392-S269	2024-08-30	16S	16	16S16	NA	NA	PL012
HDZ-393	2024-03-17	Warble	yes	HDZ Keepers		1	0	1	NA	NA	NA	NA	NA	NA	NA	HDZ-393-E1	2024-08-19	SA	Quick-DNA Fecal/Soil Microbe	HDZ Loris DNA Extracts Box 5		29	HDZ-393-S270	2024-08-30	16S	17	16S17	NA	NA	PL012
HDZ-394	2024-02-01	Culi	yes	HDZ Keepers		1	0	1	NA	NA	NA	NA	NA	NA	NA	HDZ-394-E1	2024-08-19	SA	Quick-DNA Fecal/Soil Microbe	HDZ Loris DNA Extracts Box 5		52	HDZ-394-S271	2024-08-30	16S	18	16S18	NA	NA	PL012
HDZ-395	2024-03-05	Culi	yes	HDZ Keepers		1	0	1	NA	NA	NA	NA	NA	NA	NA	HDZ-395-E1	2024-08-19	SA	Quick-DNA Fecal/Soil Microbe	HDZ Loris DNA Extracts Box 5		65	HDZ-395-S272	2024-08-30	16S	19	16S19	NA	NA	PL012
HDZ-396	2024-03-12	Culi	yes	HDZ Keepers		1	0	1	NA	NA	NA	NA	NA	NA	NA	HDZ-396-E1	2024-08-19	SA	Quick-DNA Fecal/Soil Microbe	HDZ Loris DNA Extracts Box 5		30	HDZ-396-S273	2024-08-30	16S	20	16S20	NA	NA	PL012
HDZ-397	2024-03-07	Unknown	no	HDZ Keepers		1	0	1	NA	NA	NA	NA	NA	NA	NA	HDZ-397-E1	2024-08-19	SA	Quick-DNA Fecal/Soil Microbe	HDZ Loris DNA Extracts Box 5		80	HDZ-397-S274	2024-08-30	16S	21	16S21	NA	NA	PL012
HDZ-398	2024-03-07	Culi	yes	HDZ Keepers		1	0	1	NA	NA	NA	NA	NA	NA	NA	HDZ-398-E1	2024-08-23	SA	Quick-DNA Fecal/Soil Microbe	HDZ Loris DNA Extracts Box 5		21	HDZ-398-S329	2024-09-09	16S	7	16S7	NA	NA	PL015
HDZ-399	2024-03-06	Warble	yes	HDZ Keepers		1	0	1	NA	NA	NA	NA	NA	NA	NA	HDZ-399-E1	2024-08-23	SA	Quick-DNA Fecal/Soil Microbe	HDZ Loris DNA Extracts Box 5		40	HDZ-399-S330	2024-09-09	16S	8	16S8	NA	NA	PL015
HDZ-400	2024-03-06	Culi	yes	HDZ Keepers		1	0	1	NA	NA	NA	NA	NA	NA	NA	HDZ-400-E1	2024-08-23	SA	Quick-DNA Fecal/Soil Microbe	HDZ Loris DNA Extracts Box 5		44	HDZ-400-S331	2024-09-09	16S	9	16S9	NA	NA	PL015
HDZ-401	2024-04-02	Culi	yes	HDZ Keepers	Culi scrotum swollen, begin breeding access	1	0	1	NA	NA	NA	NA	NA	NA	NA	HDZ-401-E1	2024-08-23	SA	Quick-DNA Fecal/Soil Microbe	HDZ Loris DNA Extracts Box 5		30	HDZ-401-S332	2024-09-09	16S	10	16S10	NA	NA	PL015
HDZ-402	2024-03-31	Warble	yes	HDZ Keepers		1	0	1	NA	NA	NA	NA	NA	NA	NA	HDZ-402-E1	2024-08-23	SA	Quick-DNA Fecal/Soil Microbe	HDZ Loris DNA Extracts Box 5		20	HDZ-402-S333	2024-09-09	16S	11	16S11	NA	NA	PL015
HDZ-403	2024-03-30	Warble	yes	HDZ Keepers		1	0	1	NA	NA	NA	NA	NA	NA	NA	HDZ-403-E1	2024-08-23	SA	Quick-DNA Fecal/Soil Microbe	HDZ Loris DNA Extracts Box 5		4	HDZ-403-S334	2024-09-09	16S	12	16S12	NA	NA	PL015
HDZ-404	2024-03-27	Warble	yes	HDZ Keepers	2nd Warble sample for this date, DNA/RNA Shield is a little yellow, but uncertain if there is actual sample 	0	0	0	NA	NA	NA	NA	NA	NA	NA	NA	NA	NA	NA	NA	NA	NA	NA	NA	NA	NA	NA	NA	NA	NA
HDZ-405	2024-03-23	Culi	yes	HDZ Keepers		1	0	1	NA	NA	NA	NA	NA	NA	NA	HDZ-405-E1	2024-08-23	SA	Quick-DNA Fecal/Soil Microbe	HDZ Loris DNA Extracts Box 5		39	HDZ-405-S335	2024-09-09	16S	13	16S13	NA	NA	PL015
HDZ-406	2024-03-22	Warble	yes	HDZ Keepers		1	0	1	NA	NA	NA	NA	NA	NA	NA	HDZ-406-E1	2024-08-23	SA	Quick-DNA Fecal/Soil Microbe	HDZ Loris DNA Extracts Box 5		38	HDZ-406-S336	2024-09-09	16S	14	16S14	NA	NA	PL015
HDZ-407	2024-03-15	Warble	yes	HDZ Keepers	Sample is very red	1	0	1	NA	NA	NA	NA	NA	NA	NA	HDZ-407-E1	2024-08-23	SA	Quick-DNA Fecal/Soil Microbe	HDZ Loris DNA Extracts Box 5		18	HDZ-407-S337	2024-09-09	16S	15	16S15	NA	NA	PL015
HDZ-408	2024-03-15	Culi	yes	HDZ Keepers		1	0	1	NA	NA	NA	NA	NA	NA	NA	HDZ-408-E1	2024-08-23	SA	Quick-DNA Fecal/Soil Microbe	HDZ Loris DNA Extracts Box 5		63	HDZ-408-S338	2024-09-09	16S	16	16S16	NA	NA	PL015
HDZ-409	2024-03-12	Warble	yes	HDZ Keepers		1	0	1	NA	NA	NA	NA	NA	NA	NA	HDZ-409-E1	2024-08-23	SA	Quick-DNA Fecal/Soil Microbe	HDZ Loris DNA Extracts Box 5		30	HDZ-409-S339	2024-09-09	16S	17	16S17	NA	NA	PL015
HDZ-410	2024-02-26	Warble	yes	HDZ Keepers		1	0	1	NA	NA	NA	NA	NA	NA	NA	HDZ-410-E1	2024-09-06	AS	Quick-DNA Fecal/Soil Microbe	HDZ Loris DNA Extracts Box 6		62	HDZ-410-E1-S349	2024-09-20	16S	4	16S4	NA	NA	PL016
HDZ-411	2024-02-01	Warble	yes	HDZ Keepers		1	0	1	NA	NA	NA	NA	NA	NA	NA	HDZ-411-E1	2024-09-06	AS	Quick-DNA Fecal/Soil Microbe	HDZ Loris DNA Extracts Box 6		45	HDZ-411-E1-S350	2024-09-20	16S	5	16S5	NA	NA	PL016
HDZ-412	2024-07-01	Warble	yes	HDZ Keepers		1	0	1	NA	NA	NA	NA	NA	NA	NA	HDZ-412-E1	2024-08-27	ZE	Quick-DNA Fecal/Soil Microbe	HDZ Loris DNA Extracts Box 6		44	HDZ-412-S319	2024-09-06	16S	20	16S20	NA	NA	PL014
HDZ-413	2024-06-30	Warble	yes	HDZ Keepers		1	0	1	NA	NA	NA	NA	NA	NA	NA	HDZ-413-E1	2024-08-27	ZE	Quick-DNA Fecal/Soil Microbe	HDZ Loris DNA Extracts Box 6		72	HDZ-413-S320	2024-09-06	16S	21	16S21	NA	NA	PL014
HDZ-414	2024-06-26	Warble	yes	HDZ Keepers		1	0	1	NA	NA	NA	NA	NA	NA	NA	HDZ-414-E1	2024-08-27	ZE	Quick-DNA Fecal/Soil Microbe	HDZ Loris DNA Extracts Box 6		88	HDZ-414-S321	2024-09-06	16S	22	16S22	NA	NA	PL014
HDZ-415	2024-06-24	Warble	no	HDZ Keepers		1	0	1	NA	NA	NA	NA	NA	NA	NA	HDZ-415-E1	2024-07-26	SA	Quick-DNA Fecal/Soil Microbe	HDZ Loris DNA Extracts Box 4		98	HDZ-415-S206	2024-08-16	16S	22	16S22	NA	NA	PL009
HDZ-416	2024-06-21	Warble	yes	HDZ Keepers		1	0	1	NA	NA	NA	NA	NA	NA	NA	HDZ-416-E1	2024-07-26	SA	Quick-DNA Fecal/Soil Microbe	HDZ Loris DNA Extracts Box 4		45	HDZ-416-S220	2024-08-21	16S	13	16S13	NA	NA	PL010
HDZ-417	2024-06-23	Warble	yes	HDZ Keepers		1	0	1	NA	NA	NA	NA	NA	NA	NA	HDZ-417-E1	2024-07-26	SA	Quick-DNA Fecal/Soil Microbe	HDZ Loris DNA Extracts Box 4		57	HDZ-417-S221	2024-08-21	16S	14	16S14	NA	NA	PL010
HDZ-418	2024-06-27	Warble	yes	HDZ Keepers		1	0	1	NA	NA	NA	NA	NA	NA	NA	HDZ-418-E1	2024-08-30	AS	Quick-DNA Fecal/Soil Microbe	HDZ Loris DNA Extracts Box 6		63	HDZ-418-E1-S351	2024-09-20	16S	6	16S6	NA	NA	PL016
HDZ-419	2024-06-25	Warble	yes	HDZ Keepers		1	0	1	NA	NA	NA	NA	NA	NA	NA	HDZ-419-E1	2024-08-30	AS	Quick-DNA Fecal/Soil Microbe	HDZ Loris DNA Extracts Box 6		76	HDZ-419-E1-S352	2024-09-20	16S	7	16S7	NA	NA	PL016
HDZ-420	2024-06-19	Warble	yes	HDZ Keepers		1	0	1	NA	NA	NA	NA	NA	NA	NA	HDZ-420-E1	2024-07-26	SA	Quick-DNA Fecal/Soil Microbe	HDZ Loris DNA Extracts Box 4		71	HDZ-420-S207	2024-08-16	16S	23	16S23	NA	NA	PL009
HDZ-421	2024-06-18	Unknown	no	HDZ Keepers		1	0	1	NA	NA	NA	NA	NA	NA	NA	HDZ-421-E1	2024-07-26	SA	Quick-DNA Fecal/Soil Microbe	HDZ Loris DNA Extracts Box 4		34	HDZ-421-S222	2024-08-21	16S	15	16S15	NA	NA	PL010
HDZ-422	2024-06-16	Warble	yes	HDZ Keepers		1	0	1	NA	NA	NA	NA	NA	NA	NA	HDZ-422-E1	2024-07-26	SA	Quick-DNA Fecal/Soil Microbe	HDZ Loris DNA Extracts Box 4		107	HDZ-422-S291	2024-08-30	16S	15	16S15	NA	NA	PL013
HDZ-423	2024-06-17	Warble	yes	HDZ Keepers		1	0	1	NA	NA	NA	NA	NA	NA	NA	HDZ-423-E1	2024-07-26	SA	Quick-DNA Fecal/Soil Microbe	HDZ Loris DNA Extracts Box 4		77	HDZ-423-S223	2024-08-21	16S	16	16S16	NA	NA	PL010
HDZ-424	2024-05-13	Warble	yes	HDZ Keepers		1	0	1	NA	NA	NA	NA	NA	NA	NA	HDZ-424-E1	2024-08-06	SA	Quick-DNA Fecal/Soil Microbe	HDZ Loris DNA Extracts Box 5		43	HDZ-424-S224	2024-08-21	16S	17	16S17	NA	NA	PL010
HDZ-425	2024-05-08	Warble	yes	HDZ Keepers		1	0	1	NA	NA	NA	NA	NA	NA	NA	HDZ-425-E1	2024-08-06	SA	Quick-DNA Fecal/Soil Microbe	HDZ Loris DNA Extracts Box 5		55	HDZ-425-S225	2024-08-21	16S	18	16S18	NA	NA	PL010
HDZ-426	2024-05-08	Culi	yes	HDZ Keepers		1	0	1	NA	NA	NA	NA	NA	NA	NA	HDZ-426-E1	2024-08-06	SA	Quick-DNA Fecal/Soil Microbe	HDZ Loris DNA Extracts Box 5		41	HDZ-426-S226	2024-08-21	16S	19	16S19	NA	NA	PL010
HDZ-427	2024-06-07	Warble	yes	HDZ Keepers		1	0	1	NA	NA	NA	NA	NA	NA	NA	HDZ-427-E1	2024-08-30	AS	Quick-DNA Fecal/Soil Microbe	HDZ Loris DNA Extracts Box 6		91	HDZ-427-E1-S353	2024-09-20	16S	8	16S8	NA	NA	PL016
HDZ-428	2024-06-12	Warble	yes	HDZ Keepers		1	0	1	NA	NA	NA	NA	NA	NA	NA	HDZ-428-E1	2024-09-04	ZE	Quick-DNA Fecal/Soil Microbe	HDZ Loris DNA Extracts Box 6		32	HDZ-428-E1-S354	2024-09-20	16S	9	16S9	NA	NA	PL016
HDZ-429	2024-06-16	Culi	no	HDZ Keepers		1	0	1	NA	NA	NA	NA	NA	NA	NA	HDZ-429-E1	2024-09-04	ZE	Quick-DNA Fecal/Soil Microbe	HDZ Loris DNA Extracts Box 6		28	HDZ-429-E1-S355	2024-09-20	16S	10	16S10	NA	NA	PL016
HDZ-430	2024-05-11	Culi	yes	HDZ Keepers		1	0	1	NA	NA	NA	NA	NA	NA	NA	HDZ-430-E1	2024-08-06	SA	Quick-DNA Fecal/Soil Microbe	HDZ Loris DNA Extracts Box 5		100	HDZ-430-S292	2024-08-30	16S	16	16S16	NA	NA	PL013
HDZ-431	2024-05-07	Warble	yes	HDZ Keepers		1	0	1	NA	NA	NA	NA	NA	NA	NA	HDZ-431-E1	2024-08-06	SA	Quick-DNA Fecal/Soil Microbe	HDZ Loris DNA Extracts Box 5		21	HDZ-431-S227	2024-08-21	16S	20	16S20	NA	NA	PL010
HDZ-432	2024-05-04	Warble	yes	HDZ Keepers		1	0	1	NA	NA	NA	NA	NA	NA	NA	HDZ-432-E1	2024-08-06	SA	Quick-DNA Fecal/Soil Microbe	HDZ Loris DNA Extracts Box 5		40	HDZ-432-S228	2024-08-21	16S	21	16S21	NA	NA	PL010
HDZ-433	2024-05-07	Culi	yes	HDZ Keepers		1	0	1	NA	NA	NA	NA	NA	NA	NA	HDZ-433-E1	2024-08-06	SA	Quick-DNA Fecal/Soil Microbe	HDZ Loris DNA Extracts Box 5		52	HDZ-433-S229	2024-08-21	16S	22	16S22	NA	NA	PL010
HDZ-434	2024-05-09	Culi	yes	HDZ Keepers		1	0	1	NA	NA	NA	NA	NA	NA	NA	HDZ-434-E1	2024-08-06	SA	Quick-DNA Fecal/Soil Microbe	HDZ Loris DNA Extracts Box 5		55	HDZ-434-S230	2024-08-21	16S	23	16S23	NA	NA	PL010
HDZ-435	2024-06-11	Warble	yes	HDZ Keepers		1	0	1	NA	NA	NA	NA	NA	NA	NA	HDZ-435-E1	2024-09-04	ZE	Quick-DNA Fecal/Soil Microbe	HDZ Loris DNA Extracts Box 6		79	HDZ-435-E1-S356	2024-09-20	16S	11	16S11	NA	NA	PL016
HDZ-436	2024-06-04	Warble	yes	HDZ Keepers		1	0	1	NA	NA	NA	NA	NA	NA	NA	HDZ-436-E1	2024-09-04	ZE	Quick-DNA Fecal/Soil Microbe	HDZ Loris DNA Extracts Box 6		78	HDZ-436-E1-S357	2024-09-20	16S	12	16S12	NA	NA	PL016
HDZ-437	2024-05-04	Culi	yes	HDZ Keepers		1	0	1	NA	NA	NA	NA	NA	NA	NA	HDZ-437-E1	2024-08-06	SA	Quick-DNA Fecal/Soil Microbe	HDZ Loris DNA Extracts Box 5		72	HDZ-437-S253	2024-08-21	16S	23	16S23	NA	NA	PL011
HDZ-438	2024-05-03	Culi	yes	HDZ Keepers		1	0	1	NA	NA	NA	NA	NA	NA	NA	HDZ-438-E1	2024-08-06	SA	Quick-DNA Fecal/Soil Microbe	HDZ Loris DNA Extracts Box 5		25	HDZ-438-S275	2024-08-30	16S	22	16S22	NA	NA	PL012
HDZ-439	2024-05-03	Warble	yes	HDZ Keepers		1	0	1	NA	NA	NA	NA	NA	NA	NA	HDZ-439-E1	2024-08-06	SA	Quick-DNA Fecal/Soil Microbe	HDZ Loris DNA Extracts Box 5		50	HDZ-439-S276	2024-08-30	16S	23	16S23	NA	NA	PL012
HDZ-440	2024-05-09	Warble	yes	HDZ Keepers		1	0	1	NA	NA	NA	NA	NA	NA	NA	HDZ-440-E1	2024-08-06	SA	Quick-DNA Fecal/Soil Microbe	HDZ Loris DNA Extracts Box 5		52	HDZ-440-S293	2024-08-30	16S	17	16S17	NA	NA	PL013
HDZ-441	2024-06-09	Warble	yes	HDZ Keepers		1	0	1	NA	NA	NA	NA	NA	NA	NA	HDZ-441-E1	2024-08-28	SA	Quick-DNA Fecal/Soil Microbe	HDZ Loris DNA Extracts Box 6		44	HDZ-441-S340	2024-09-09	16S	18	16S18	NA	NA	PL015
HDZ-442	2024-05-12	Culi	yes	HDZ Keepers		1	0	1	NA	NA	NA	NA	NA	NA	NA	HDZ-442-E1	2024-08-06	SA	Quick-DNA Fecal/Soil Microbe	HDZ Loris DNA Extracts Box 5		66	HDZ-442-S294	2024-08-30	16S	18	16S18	NA	NA	PL013
HDZ-443	2024-05-12	Warble	yes	HDZ Keepers		1	0	1	NA	NA	NA	NA	NA	NA	NA	HDZ-443-E1	2024-08-06	SA	Quick-DNA Fecal/Soil Microbe	HDZ Loris DNA Extracts Box 5		45	HDZ-443-S295	2024-08-30	16S	19	16S19	NA	NA	PL013
HDZ-444	2024-05-10	Culi	yes	HDZ Keepers		1	0	1	NA	NA	NA	NA	NA	NA	NA	HDZ-444-E1	2024-08-06	SA	Quick-DNA Fecal/Soil Microbe	HDZ Loris DNA Extracts Box 5		51	HDZ-444-S296	2024-08-30	16S	20	16S20	NA	NA	PL013
HDZ-445	2024-05-13	Culi	yes	HDZ Keepers		1	0	1	NA	NA	NA	NA	NA	NA	NA	HDZ-445-E1	2024-08-15	AS	Quick-DNA Fecal/Soil Microbe	HDZ Loris DNA Extracts Box 5		91	HDZ-445-S297	2024-08-30	16S	21	16S21	NA	NA	PL013
HDZ-446	2024-06-03	Warble	yes	HDZ Keepers		1	0	1	NA	NA	NA	NA	NA	NA	NA	HDZ-446-E1	2024-08-28	SA	Quick-DNA Fecal/Soil Microbe	HDZ Loris DNA Extracts Box 6		27	HDZ-446-S341	2024-09-09	16S	19	16S19	NA	NA	PL015
HDZ-447	2024-06-05	Warble	yes	HDZ Keepers		1	0	1	NA	NA	NA	NA	NA	NA	NA	HDZ-447-E1	2024-08-28	SA	Quick-DNA Fecal/Soil Microbe	HDZ Loris DNA Extracts Box 6		58	HDZ-447-S342	2024-09-09	16S	20	16S20	NA	NA	PL015
HDZ-448	2024-05-01	Warble	yes	HDZ Keepers		1	0	1	NA	NA	NA	NA	NA	NA	NA	HDZ-448-E1	2024-08-15	AS	Quick-DNA Fecal/Soil Microbe	HDZ Loris DNA Extracts Box 5		99	HDZ-448-S298	2024-08-30	16S	22	16S22	NA	NA	PL013
HDZ-449	2024-04-30	Warble	yes	HDZ Keepers		1	0	1	NA	NA	NA	NA	NA	NA	NA	HDZ-449-E1	2024-08-15	AS	Quick-DNA Fecal/Soil Microbe	HDZ Loris DNA Extracts Box 5		10	HDZ-449-S299	2024-08-30	16S	23	16S23	NA	NA	PL013
HDZ-450	2024-04-27	Culi	yes	HDZ Keepers		1	0	1	NA	NA	NA	NA	NA	NA	NA	HDZ-450-E1	2024-08-26	SA	Quick-DNA Fecal/Soil Microbe	HDZ Loris DNA Extracts Box 6		60	HDZ-450-S322	2024-09-06	16S	23	16S23	NA	NA	PL014
HDZ-451	2024-04-27	Warble	yes	HDZ Keepers		1	0	1	NA	NA	NA	NA	NA	NA	NA	HDZ-451-E1	2024-08-28	SA	Quick-DNA Fecal/Soil Microbe	HDZ Loris DNA Extracts Box 6		32	HDZ-451-S343	2024-09-09	16S	21	16S21	NA	NA	PL015
HDZ-452	2024-04-29	Culi	yes	HDZ Keepers		1	0	1	NA	NA	NA	NA	NA	NA	NA	HDZ-452-E1	2024-08-28	SA	Quick-DNA Fecal/Soil Microbe	HDZ Loris DNA Extracts Box 6		9	HDZ-452-S344	2024-09-09	16S	22	16S22	NA	NA	PL015
HDZ-453	2024-04-29	Warble	yes	HDZ Keepers		1	0	1	NA	NA	NA	NA	NA	NA	NA	HDZ-453-E1	2024-08-28	SA	Quick-DNA Fecal/Soil Microbe	HDZ Loris DNA Extracts Box 6		48	HDZ-453-S345	2024-09-09	16S	23	16S23	NA	NA	PL015
HDZ-454	2024-07-27	Warble	yes	HDZ Keepers		1	0	1	NA	NA	NA	NA	NA	NA	NA	HDZ-454-E1	2024-08-28	SA	Quick-DNA Fecal/Soil Microbe	HDZ Loris DNA Extracts Box 6		72	HDZ-454-E1-S358	2024-09-20	16S	13	16S13	NA	NA	PL016
HDZ-455	2024-07-24	Warble	yes	HDZ Keepers		1	0	1	NA	NA	NA	NA	NA	NA	NA	HDZ-455-E1	2024-08-28	SA	Quick-DNA Fecal/Soil Microbe	HDZ Loris DNA Extracts Box 6		25	HDZ-455-E1-S359	2024-09-20	16S	14	16S14	NA	NA	PL016
HDZ-456	2024-07-22	Warble	yes	HDZ Keepers		1	0	1	NA	NA	NA	NA	NA	NA	NA	HDZ-456-E1	2024-08-28	SA	Quick-DNA Fecal/Soil Microbe	HDZ Loris DNA Extracts Box 6		39	HDZ-456-E1-S360	2024-09-20	16S	15	16S15	NA	NA	PL016
HDZ-457	2024-07-21	Warble	yes	HDZ Keepers		1	0	1	NA	NA	NA	NA	NA	NA	NA	HDZ-457-E1	2024-08-28	SA	Quick-DNA Fecal/Soil Microbe	HDZ Loris DNA Extracts Box 6		66	HDZ-457-E1-S361	2024-09-20	16S	16	16S16	NA	NA	PL016
HDZ-458	2024-07-19	Warble	yes	HDZ Keepers		1	0	1	NA	NA	NA	NA	NA	NA	NA	HDZ-458-E1	2024-09-04	AS	Quick-DNA Fecal/Soil Microbe	HDZ Loris DNA Extracts Box 6		47	HDZ-458-E1-S362	2024-09-20	16S	17	16S17	NA	NA	PL016
HDZ-459	2024-07-18	Warble	yes	HDZ Keepers		1	0	1	NA	NA	NA	NA	NA	NA	NA	HDZ-459-E1	2024-09-04	AS	Quick-DNA Fecal/Soil Microbe	HDZ Loris DNA Extracts Box 6		88	HDZ-459-E1-S363	2024-09-20	16S	18	16S18	NA	NA	PL016
HDZ-460	2024-07-25	Warble	yes	HDZ Keepers		1	0	1	NA	NA	NA	NA	NA	NA	NA	HDZ-460-E1	2024-09-04	AS	Quick-DNA Fecal/Soil Microbe	HDZ Loris DNA Extracts Box 6		50	HDZ-460-E1-S364	2024-09-20	16S	19	16S19	NA	NA	PL016
HDZ-461	2024-07-20	Warble	yes	HDZ Keepers		1	0	1	NA	NA	NA	NA	NA	NA	NA	HDZ-461-E1	2024-09-12	ZE	Quick-DNA Fecal/Soil Microbe	HDZ Loris DNA Extracts Box 6		19	HDZ-461-S369	2024-10-25	16S	1	16S1	NA	NA	PL017
HDZ-462	2024-07-14	Warble	no	HDZ Keepers		1	0	1	NA	NA	NA	NA	NA	NA	NA	HDZ-462-E1	2024-09-12	ZE	Quick-DNA Fecal/Soil Microbe	HDZ Loris DNA Extracts Box 6		37	HDZ-462-S370	2024-10-25	16S	2	16S2	NA	NA	PL017
HDZ-463	2024-07-13	Warble	yes	HDZ Keepers		1	0	1	NA	NA	NA	NA	NA	NA	NA	HDZ-463-E1	2024-09-12	ZE	Quick-DNA Fecal/Soil Microbe	HDZ Loris DNA Extracts Box 6		46	HDZ-463-S371	2024-10-25	16S	3	16S3	NA	NA	PL017
HDZ-464	2024-06-11	Warble	yes	HDZ Keepers		1	0	1	NA	NA	NA	NA	NA	NA	NA	HDZ-464-E1	2024-09-12	ZE	Quick-DNA Fecal/Soil Microbe	HDZ Loris DNA Extracts Box 6		36	HDZ-464-S372	2024-10-25	16S	4	16S4	NA	NA	PL017
HDZ-465	2024-07-09	Warble	yes	HDZ Keepers		1	0	1	NA	NA	NA	NA	NA	NA	NA	HDZ-465-E1	2024-09-12	ZE	Quick-DNA Fecal/Soil Microbe	HDZ Loris DNA Extracts Box 6		36	HDZ-465-S373	2024-10-25	16S	5	16S5	NA	NA	PL017
HDZ-466	2024-07-23	Warble	no	HDZ Keepers		1	0	1	NA	NA	NA	NA	NA	NA	NA	HDZ-466-E1	2024-09-13	AS	Quick-DNA Fecal/Soil Microbe	HDZ Loris DNA Extracts Box 6		46	HDZ-466-S374	2024-10-25	16S	6	16S6	NA	NA	PL017
HDZ-467	2024-07-15	Warble	yes	HDZ Keepers		1	0	1	NA	NA	NA	NA	NA	NA	NA	HDZ-467-E1	2024-09-09	SA	Quick-DNA Fecal/Soil Microbe	HDZ Loris DNA Extracts Box 6		10	HDZ-467-E1-S365	2024-09-20	16S	20	16S20	NA	NA	PL016
HDZ-468	2024-07-07	Warble	yes	HDZ Keepers		1	0	1	NA	NA	NA	NA	NA	NA	NA	HDZ-468-E1	2024-09-09	SA	Quick-DNA Fecal/Soil Microbe	HDZ Loris DNA Extracts Box 6		43	HDZ-468-E1-S366	2024-09-20	16S	21	16S21	NA	NA	PL016
HDZ-469	2024-07-06	Warble	yes	HDZ Keepers		1	0	1	NA	NA	NA	NA	NA	NA	NA	HDZ-469-E1	2024-09-09	SA	Quick-DNA Fecal/Soil Microbe	HDZ Loris DNA Extracts Box 6		51	HDZ-469-E1-S367	2024-09-20	16S	22	16S22	NA	NA	PL016
HDZ-470	2024-07-05	Warble	yes	HDZ Keepers		1	0	1	NA	NA	NA	NA	NA	NA	NA	HDZ-470-E1	2024-09-09	SA	Quick-DNA Fecal/Soil Microbe	HDZ Loris DNA Extracts Box 6		52	HDZ-470-E1-S368	2024-09-20	16S	23	16S23	NA	NA	PL016
HDZ-471	2024-07-03	Warble	yes	HDZ Keepers		0	0	0	NA	NA	NA	NA	NA	NA	NA	NA	NA	NA	NA	NA	NA	NA	NA	NA	NA	NA	NA	NA	NA	NA
HDZ-472	2024-07-10	Warble	yes	HDZ Keepers		0	0	0	NA	NA	NA	NA	NA	NA	NA	NA	NA	NA	NA	NA	NA	NA	NA	NA	NA	NA	NA	NA	NA	NA
HDZ-473	2024-07-08	Warble	yes	HDZ Keepers		1	0	1	NA	NA	NA	NA	NA	NA	NA	HDZ-473-E1	2024-09-13	AS	Quick-DNA Fecal/Soil Microbe	HDZ Loris DNA Extracts Box 6		80	HDZ-473-S375	2024-10-25	16S	7	16S7	NA	NA	PL017
HDZ-474	2024-06-15	Warble	yes	HDZ Keepers		1	0	1	NA	NA	NA	NA	NA	NA	NA	HDZ-474-E1	2024-09-24	SA	Quick-DNA Fecal/Soil Microbe	HDZ Loris DNA Extracts Box 6		55	HDZ-474-S376	2024-10-25	16S	8	16S8	NA	NA	PL017
HDZ-475	2024-06-08	Warble	yes	HDZ Keepers		1	0	1	NA	NA	NA	NA	NA	NA	NA	HDZ-475-E1	2024-09-24	SA	Quick-DNA Fecal/Soil Microbe	HDZ Loris DNA Extracts Box 6		75	HDZ-475-S377	2024-10-25	16S	9	16S9	NA	NA	PL017
HDZ-476	2024-08-08	Warble	yes	HDZ Keepers		1	0	1	NA	NA	NA	NA	NA	NA	NA	HDZ-476-E1	2024-09-25	AS	Quick-DNA Fecal/Soil Microbe	HDZ Loris DNA Extracts Box 6		49	HDZ-476-S378	2024-10-25	16S	10	16S10	NA	NA	PL017
HDZ-477	2024-08-06	Warble	yes	HDZ Keepers		1	0	1	NA	NA	NA	NA	NA	NA	NA	HDZ-477-E1	2024-09-25	AS	Quick-DNA Fecal/Soil Microbe	HDZ Loris DNA Extracts Box 6		73	HDZ-477-S379	2024-10-25	16S	11	16S11	NA	NA	PL017
HDZ-478	2024-08-11	Warble	yes	HDZ Keepers		1	0	1	NA	NA	NA	NA	NA	NA	NA	HDZ-478-E1	2024-09-25	AS	Quick-DNA Fecal/Soil Microbe	HDZ Loris DNA Extracts Box 6		48	HDZ-478-S380	2024-10-25	16S	12	16S12	NA	NA	PL017
HDZ-479	2024-08-28	Warble	yes	HDZ Keepers		1	0	1	NA	NA	NA	NA	NA	NA	NA	HDZ-479-E1	2024-09-25	SA	Quick-DNA Fecal/Soil Microbe	HDZ Loris DNA Extracts Box 6		56	HDZ-479-S381	2024-10-25	16S	13	16S13	NA	NA	PL017
HDZ-480	2024-09-04	Warble	yes	HDZ Keepers		1	0	1	NA	NA	NA	NA	NA	NA	NA	HDZ-480-E1	2024-09-25	SA	Quick-DNA Fecal/Soil Microbe	HDZ Loris DNA Extracts Box 6		52	HDZ-480-S382	2024-10-25	16S	14	16S14	NA	NA	PL017
HDZ-481	2024-09-08	Warble	yes	HDZ Keepers		1	0	1	NA	NA	NA	NA	NA	NA	NA	HDZ-481-E1	2024-09-25	SA	Quick-DNA Fecal/Soil Microbe	HDZ Loris DNA Extracts Box 6		51	HDZ-481-S383	2024-10-25	16S	15	16S15	NA	NA	PL017
HDZ-482	2024-07-30	Warble	yes	HDZ Keepers		1	0	1	NA	NA	NA	NA	NA	NA	NA	HDZ-482-E1	2024-09-25	SA	Quick-DNA Fecal/Soil Microbe	HDZ Loris DNA Extracts Box 7		68	HDZ-482-S384	2024-10-25	16S	16	16S16	NA	NA	PL017
HDZ-483	2024-08-02	Warble	yes	HDZ Keepers		1	0	1	NA	NA	NA	NA	NA	NA	NA	HDZ-483-E1	2024-09-25	SA	Quick-DNA Fecal/Soil Microbe	HDZ Loris DNA Extracts Box 7		78	HDZ-483-S385	2024-10-25	16S	17	16S17	NA	NA	PL017
HDZ-484	2024-08-12	Warble	yes	HDZ Keepers		1	0	1	NA	NA	NA	NA	NA	NA	NA	HDZ-484-E1	2024-09-25	SA	Quick-DNA Fecal/Soil Microbe	HDZ Loris DNA Extracts Box 7		103	HDZ-484-S386	2024-10-25	16S	18	16S18	NA	NA	PL017
HDZ-485	2024-08-26	Warble	yes	HDZ Keepers		1	0	1	NA	NA	NA	NA	NA	NA	NA	HDZ-485-E1	2024-09-25	SA	Quick-DNA Fecal/Soil Microbe	HDZ Loris DNA Extracts Box 7		61	HDZ-485-S387	2024-10-25	16S	19	16S19	NA	NA	PL017
HDZ-486	2024-09-13	Warble	yes	HDZ Keepers		1	0	1	NA	NA	NA	NA	NA	NA	NA	HDZ-486-E1	2024-09-25	SA	Quick-DNA Fecal/Soil Microbe	HDZ Loris DNA Extracts Box 7		46	HDZ-486-S388	2024-10-25	16S	20	16S20	NA	NA	PL017
HDZ-487	2024-09-07	Warble	yes	HDZ Keepers		1	0	1	NA	NA	NA	NA	NA	NA	NA	HDZ-487-E1	2024-09-27	AS	Quick-DNA Fecal/Soil Microbe	HDZ Loris DNA Extracts Box 7		47	HDZ-487-S389	2024-10-25	16S	21	16S21	NA	NA	PL017
HDZ-488	2024-07-31	Warble	yes	HDZ Keepers		1	0	1	NA	NA	NA	NA	NA	NA	NA	HDZ-488-E1	2024-09-27	AS	Quick-DNA Fecal/Soil Microbe	HDZ Loris DNA Extracts Box 7		59	HDZ-488-S390	2024-10-25	16S	22	16S22	NA	NA	PL017
HDZ-489	2024-08-03	Warble	yes	HDZ Keepers		1	0	1	NA	NA	NA	NA	NA	NA	NA	HDZ-489-E1	2024-09-27	AS	Quick-DNA Fecal/Soil Microbe	HDZ Loris DNA Extracts Box 7		85	HDZ-489-S391	2024-10-25	16S	23	16S23	NA	NA	PL017
HDZ-490	2024-08-13	Warble	yes	HDZ Keepers		1	0	1	NA	NA	NA	NA	NA	NA	NA	HDZ-490-E1	2024-09-27	AS	Quick-DNA Fecal/Soil Microbe	HDZ Loris DNA Extracts Box 7		89	HDZ-490-S392	2024-10-29	16S	1	16S1	NA	NA	PL018
HDZ-491	2024-08-25	Warble	yes	HDZ Keepers		1	0	1	NA	NA	NA	NA	NA	NA	NA	HDZ-491-E1	2024-10-01	SA	Quick-DNA Fecal/Soil Microbe	HDZ Loris DNA Extracts Box 7		24	HDZ-491-S393	2024-10-29	16S	2	16S2	NA	NA	PL018
HDZ-492	2024-09-01	Warble	yes	HDZ Keepers		1	0	1	NA	NA	NA	NA	NA	NA	NA	HDZ-492-E1	2024-10-01	SA	Quick-DNA Fecal/Soil Microbe	HDZ Loris DNA Extracts Box 7		7	HDZ-492-S394	2024-10-29	16S	3	16S3	NA	NA	PL018
HDZ-493	2024-09-06	Warble	yes	HDZ Keepers		1	0	1	NA	NA	NA	NA	NA	NA	NA	HDZ-493-E1	2024-10-01	SA	Quick-DNA Fecal/Soil Microbe	HDZ Loris DNA Extracts Box 7		57	HDZ-493-S395	2024-10-29	16S	4	16S4	NA	NA	PL018
HDZ-494	2024-08-05	Warble	yes	HDZ Keepers		1	0	1	NA	NA	NA	NA	NA	NA	NA	HDZ-494-E1	2024-10-01	SA/TR	Quick-DNA Fecal/Soil Microbe	HDZ Loris DNA Extracts Box 7		76	HDZ-494-S396	2024-10-29	16S	5	16S5	NA	NA	PL018
HDZ-495	2024-08-04	Warble	yes	HDZ Keepers		1	0	1	NA	NA	NA	NA	NA	NA	NA	HDZ-495-E1	2024-10-01	SA/TR	Quick-DNA Fecal/Soil Microbe	HDZ Loris DNA Extracts Box 7		27	HDZ-495-S397	2024-10-29	16S	6	16S6	NA	NA	PL018
HDZ-496	NA	Warble	yes	HDZ Keepers		1	0	1	NA	NA	NA	NA	NA	NA	NA	HDZ-496-E1	2024-10-01	SA/TR	Quick-DNA Fecal/Soil Microbe	HDZ Loris DNA Extracts Box 7		17	HDZ-496-S398	2024-10-29	16S	7	16S7	NA	NA	PL018
HDZ-497	2024-08-19	Warble	yes	HDZ Keepers		1	0	1	NA	NA	NA	NA	NA	NA	NA	HDZ-497-E1	2024-10-02	AS	Quick-DNA Fecal/Soil Microbe	HDZ Loris DNA Extracts Box 7		36	HDZ-497-S399	2024-10-29	16S	8	16S8	NA	NA	PL018
HDZ-498	2024-08-31	Warble	yes	HDZ Keepers		1	0	1	NA	NA	NA	NA	NA	NA	NA	HDZ-498-E1	2024-10-02	AS	Quick-DNA Fecal/Soil Microbe	HDZ Loris DNA Extracts Box 7		49	HDZ-498-S400	2024-10-29	16S	9	16S9	NA	NA	PL018
HDZ-499	2024-09-05	Warble	yes	HDZ Keepers		1	0	1	NA	NA	NA	NA	NA	NA	NA	HDZ-499-E1	2024-10-02	AS	Quick-DNA Fecal/Soil Microbe	HDZ Loris DNA Extracts Box 7		46	HDZ-499-S401	2024-10-29	16S	10	16S10	NA	NA	PL018
HDZ-500	2024-08-09	Warble	yes	HDZ Keepers		1	0	1	NA	NA	NA	NA	NA	NA	NA	HDZ-500-E1	2024-10-02	AS	Quick-DNA Fecal/Soil Microbe	HDZ Loris DNA Extracts Box 7		67	HDZ-500-S402	2024-10-29	16S	11	16S11	NA	NA	PL018
HDZ-501	2024-08-14	Warble	yes	HDZ Keepers		1	0	1	NA	NA	NA	NA	NA	NA	NA	HDZ-501-E1	2024-10-02	AS	Quick-DNA Fecal/Soil Microbe	HDZ Loris DNA Extracts Box 7		74	HDZ-501-S403	2024-10-29	16S	12	16S12	NA	NA	PL018
HDZ-502	2024-08-17	Warble	yes	HDZ Keepers		1	0	1	NA	NA	NA	NA	NA	NA	NA	HDZ-502-E1	2024-10-08	SA	Quick-DNA Fecal/Soil Microbe	HDZ Loris DNA Extracts Box 7		6	HDZ-502-S404	2024-10-29	16S	13	16S13	NA	NA	PL018
HDZ-503	2024-08-24	Warble	yes	HDZ Keepers		1	0	1	NA	NA	NA	NA	NA	NA	NA	HDZ-503-E1	2024-10-08	SA	Quick-DNA Fecal/Soil Microbe	HDZ Loris DNA Extracts Box 7		9	HDZ-503-S405	2024-10-29	16S	14	16S14	NA	NA	PL018
HDZ-504	2024-08-30	Warble	yes	HDZ Keepers		1	0	1	NA	NA	NA	NA	NA	NA	NA	HDZ-504-E1	2024-10-08	SA	Quick-DNA Fecal/Soil Microbe	HDZ Loris DNA Extracts Box 7		6	HDZ-504-S406	2024-10-29	16S	15	16S15	NA	NA	PL018
HDZ-505	2024-09-02	Warble	yes	HDZ Keepers		1	0	0	NA	NA	NA	NA	NA	NA	NA	HDZ-505-E1	2024-10-08	SA	Quick-DNA Fecal/Soil Microbe	HDZ Loris DNA Extracts Box 7		1	NA	NA	NA	NA	NA	NA	NA	NA
HDZ-506	2024-08-25	Warble	yes	HDZ Keepers		1	0	1	NA	NA	NA	NA	NA	NA	NA	HDZ-506-E1	2024-10-08	SA	Quick-DNA Fecal/Soil Microbe	HDZ Loris DNA Extracts Box 7		9	HDZ-506-S407	2024-10-29	16S	16	16S16	NA	NA	PL018
HDZ-507	2024-08-16	Warble	yes	HDZ Keepers		1	0	1	NA	NA	NA	NA	NA	NA	NA	HDZ-507-E1	2024-10-08	SA	Quick-DNA Fecal/Soil Microbe	HDZ Loris DNA Extracts Box 7		9	HDZ-507-S408	2024-10-29	16S	17	16S17	NA	NA	PL018
HDZ-508	2024-08-22	Warble	yes	HDZ Keepers		1	0	1	NA	NA	NA	NA	NA	NA	NA	HDZ-508-E1	2024-10-08	SA	Quick-DNA Fecal/Soil Microbe	HDZ Loris DNA Extracts Box 7		3	HDZ-508-S409	2024-10-29	16S	18	16S18	NA	NA	PL018
HDZ-509	2024-08-27	Warble	yes	HDZ Keepers		1	0	1	NA	NA	NA	NA	NA	NA	NA	HDZ-509-E1	2024-10-08	SA	Quick-DNA Fecal/Soil Microbe	HDZ Loris DNA Extracts Box 7		10	HDZ-509-S410	2024-10-29	16S	19	16S19	NA	NA	PL018
HDZ-510	2024-08-29	Warble	yes	HDZ Keepers		1	0	1	NA	NA	NA	NA	NA	NA	NA	HDZ-510-E1	2024-10-08	SA	Quick-DNA Fecal/Soil Microbe	HDZ Loris DNA Extracts Box 7		8	HDZ-510-S411	2024-10-29	16S	20	16S20	NA	NA	PL018
HDZ-517	2024-09-04	Warble	yes	HDZ Keepers		1	0	1	NA	NA	NA	NA	NA	NA	NA	HDZ-517-E1	2024-10-08	SA	Quick-DNA Fecal/Soil Microbe	HDZ Loris DNA Extracts Box 7		5	HDZ-517-S412	2024-10-29	16S	21	16S21	NA	NA	PL018
HDZ-522	2024-09-15	Warble	yes	HDZ Keepers		1	0	1	NA	NA	NA	NA	NA	NA	NA	HDZ-522-E1	2024-10-08	SA	Quick-DNA Fecal/Soil Microbe	HDZ Loris DNA Extracts Box 7		7	HDZ-522-S413	2024-10-29	16S	22	16S22	NA	NA	PL018
HDZ-525	2024-09-14	Warble	yes	HDZ Keepers		1	0	1	NA	NA	NA	NA	NA	NA	NA	HDZ-525-E1	2024-10-08	SA	Quick-DNA Fecal/Soil Microbe	HDZ Loris DNA Extracts Box 7		11	HDZ-525-S414	2024-10-29	16S	23	16S23	NA	NA	PL018
HDZ-526	2024-09-16	Warble	yes	HDZ Keepers		1	0	0	NA	NA	NA	NA	NA	NA	NA	HDZ-526-E1	2024-10-08	SA	Quick-DNA Fecal/Soil Microbe	HDZ Loris DNA Extracts Box 7		7	NA	NA	NA	NA	NA	NA	NA	NA
HDZ-530	2024-09-17	Warble	yes	HDZ Keepers		0	0	0	NA	NA	NA	NA	NA	NA	NA	NA	NA	NA	NA	NA	NA	NA	NA	NA	NA	NA	NA	NA	NA	NA
HDZ-511	2024-09-21	Warble	yes	HDZ Keepers		1	0	0	NA	NA	NA	NA	NA	NA	NA	HDZ-511-E1	2024-11-13	AS	Quick-DNA Fecal/Soil Microbe	HDZ Loris DNA Extracts Box 7		100	NA	NA	NA	NA	NA	NA	NA	NA
HDZ-513	2024-09-23	Warble	yes	HDZ Keepers		1	0	0	NA	NA	NA	NA	NA	NA	NA	HDZ-513-E1	2024-11-13	AS	Quick-DNA Fecal/Soil Microbe	HDZ Loris DNA Extracts Box 7		9	NA	NA	NA	NA	NA	NA	NA	NA
HDZ-514	2024-09-22	Warble	yes	HDZ Keepers		1	0	0	NA	NA	NA	NA	NA	NA	NA	HDZ-514-E1	2024-11-13	AS	Quick-DNA Fecal/Soil Microbe	HDZ Loris DNA Extracts Box 7		100	NA	NA	NA	NA	NA	NA	NA	NA
HDZ-521	2024-09-25	Warble	yes	HDZ Keepers		1	0	0	NA	NA	NA	NA	NA	NA	NA	HDZ-521-E1	2024-11-15	AS	Quick-DNA Fecal/Soil Microbe	HDZ Loris DNA Extracts Box 7		76	NA	NA	NA	NA	NA	NA	NA	NA
HDZ-518	2024-09-20	Warble	yes	HDZ Keepers		1	0	0	NA	NA	NA	NA	NA	NA	NA	HDZ-518-E1	2024-11-15	AS	Quick-DNA Fecal/Soil Microbe	HDZ Loris DNA Extracts Box 7		79	NA	NA	NA	NA	NA	NA	NA	NA
HDZ-546	2024-09-30	Warble	yes	HDZ Keepers		0	0	0	NA	NA	NA	NA	NA	NA	NA	NA	NA	NA	NA	NA	NA	NA	NA	NA	NA	NA	NA	NA	NA	NA
HDZ-547	2024-09-29	Warble	yes	HDZ Keepers		0	0	0	NA	NA	NA	NA	NA	NA	NA	NA	NA	NA	NA	NA	NA	NA	NA	NA	NA	NA	NA	NA	NA	NA
HDZ-548	2024-10-05	Warble	yes	HDZ Keepers		0	0	0	NA	NA	NA	NA	NA	NA	NA	NA	NA	NA	NA	NA	NA	NA	NA	NA	NA	NA	NA	NA	NA	NA
HDZ-549	2024-10-04	Warble	yes	HDZ Keepers		0	0	0	NA	NA	NA	NA	NA	NA	NA	NA	NA	NA	NA	NA	NA	NA	NA	NA	NA	NA	NA	NA	NA	NA
HDZ-550	2024-09-27	Warble	yes	HDZ Keepers		0	0	0	NA	NA	NA	NA	NA	NA	NA	NA	NA	NA	NA	NA	NA	NA	NA	NA	NA	NA	NA	NA	NA	NA
HDZ-551	2024-09-26	Warble	yes	HDZ Keepers		0	0	0	NA	NA	NA	NA	NA	NA	NA	NA	NA	NA	NA	NA	NA	NA	NA	NA	NA	NA	NA	NA	NA	NA
HDZ-552	2024-09-28	Warble	yes	HDZ Keepers		0	0	0	NA	NA	NA	NA	NA	NA	NA	NA	NA	NA	NA	NA	NA	NA	NA	NA	NA	NA	NA	NA	NA	NA
HDZ-553	2024-10-06	Warble	yes	HDZ Keepers		0	0	0	NA	NA	NA	NA	NA	NA	NA	NA	NA	NA	NA	NA	NA	NA	NA	NA	NA	NA	NA	NA	NA	NA
HDZ-554	2024-10-08	Warble	yes	HDZ Keepers		0	0	0	NA	NA	NA	NA	NA	NA	NA	NA	NA	NA	NA	NA	NA	NA	NA	NA	NA	NA	NA	NA	NA	NA
HDZ-555	2024-10-07	Warble	yes	HDZ Keepers		0	0	0	NA	NA	NA	NA	NA	NA	NA	NA	NA	NA	NA	NA	NA	NA	NA	NA	NA	NA	NA	NA	NA	NA
HDZ-556	2024-10-02	Warble	yes	HDZ Keepers		0	0	0	NA	NA	NA	NA	NA	NA	NA	NA	NA	NA	NA	NA	NA	NA	NA	NA	NA	NA	NA	NA	NA	NA
